split,local_idx,img_name,labels_present,has_precancer_label,gt_keypoints,suspicious_missing_points
train,0,HSIL_14_12,"INFL,LSIL,NILM",True,15,False
train,1,HSIL_LSIL_3_4,"HSIL,LSIL,NILM",True,13,False
train,2,ASCUS_1_21,"INFL,NILM",False,0,False
train,3,HSIL_9_18,"ASCH,HSIL,INFL,LSIL,NILM",True,14,False
train,4,LSIL_1_10,"HSIL,INFL,NILM",True,20,False
train,5,HSIL_21_4,"HSIL,INFL,LSIL",True,6,False
train,6,LSIL_49_3,"ENDO,INFL,NILM",False,0,False
train,7,NILM_1_1,"ASCUS,INFL,LSIL,NILM",True,19,False
train,8,LSIL_29_2,NILM,False,0,False
train,9,LSIL_34_6,"INFL,NILM",False,0,False
train,10,HSIL_LSIL_1_18,NILM,False,0,False
train,11,SCC_3_21,"ASCH,HSIL,INFL,LSIL",True,20,False
train,12,HSIL_22_1,"INFL,NILM",False,0,False
train,13,LSIL_9_15,"ENDO,INFL,NILM",False,0,False
train,14,HSIL_14_2,"HSIL,INFL,LSIL,NILM",True,21,False
train,15,LSIL_47_2,"ENDO,INFL",False,0,False
train,16,HSIL_17_1,SCC,True,6,False
train,17,LSIL_34_7,"INFL,LSIL",True,8,False
train,18,HSIL_14_18,"INFL,LSIL,NILM",True,9,False
train,19,ASCUS_6_2,"HSIL,INFL,LSIL,NILM",True,35,False
train,20,HSIL_3_4,INFL,False,0,False
train,21,HSIL_13_3,"ASCUS,INFL,LSIL",True,3,False
train,22,HSIL_12_2,"INFL,NILM",False,0,False
train,23,HSIL_25_3,"ENDO,INFL,NILM",False,0,False
train,24,HSIL_35_5,"INFL,LSIL,NILM",True,8,False
train,25,LSIL_2_2,"INFL,NILM",False,0,False
train,26,LSIL_52_5,"INFL,LSIL",True,5,False
train,27,LSIL_48_2,"INFL,LSIL",True,6,False
train,28,LSIL_49_5,"INFL,LSIL,NILM",True,2,False
train,29,HSIL_22_10,"HSIL,INFL,LSIL,NILM",True,7,False
train,30,HSIL_11_1,"HSIL,LSIL,NILM",True,15,False
train,31,LSIL_41_2,"ASCUS,INFL,NILM",True,1,False
train,32,HSIL_33_4,"HSIL,INFL,NILM",True,1,False
train,33,ASCH_2_32,"INFL,LSIL,NILM",True,7,False
train,34,HSIL_9_2,"HSIL,INFL,LSIL,NILM",True,93,False
train,35,HSIL_1_14,NILM,False,0,False
train,36,ASCUS_6_6,"INFL,LSIL,NILM,SCC",True,47,False
train,37,LSIL_57_2,"LSIL,NILM",True,7,False
train,38,LSIL_41_4,"INFL,NILM",False,0,False
train,39,LSIL_39_3,"ASCUS,INFL",True,6,False
train,40,ASCH_2_12,"ASCH,INFL,LSIL,NILM",True,11,False
train,41,LSIL_6_3,"INFL,LSIL,NILM",True,3,False
train,42,HSIL_15_15,"HSIL,INFL,NILM,SCC",True,12,False
train,43,SCC_5_18,HSIL,True,4,False
train,44,ASCH_1_4,"ASCH,HSIL,NILM",True,4,False
train,45,LSIL_13_4,NILM,False,0,False
train,46,SCC_1_6,"ASCH,HSIL,INFL,NILM",True,8,False
train,47,HSIL_23_5,"ENDO,HSIL,INFL,LSIL",True,14,False
train,48,SCC_3_1,"HSIL,SCC",True,10,False
train,49,LSIL_41_3,"ASCUS,HSIL,INFL,LSIL,NILM",True,6,False
train,50,HSIL_7_4,"ASCH,INFL,LSIL",True,3,False
train,51,HSIL_LSIL_2_1,"INFL,LSIL,NILM",True,6,False
train,52,HSIL_10_2,"HSIL,INFL,NILM",True,11,False
train,53,LSIL_28_12,"INFL,LSIL,NILM",True,2,False
train,54,LSIL_12_7,"INFL,NILM",False,0,False
train,55,LSIL_32_2,"INFL,LSIL,NILM",True,1,False
train,56,LSIL_34_9,"INFL,NILM",False,0,False
train,57,HSIL_22_12,"ENDO,HSIL,INFL",True,9,False
train,58,LSIL_25_1,"ASCUS,HSIL,LSIL,NILM",True,9,False
train,59,ASCH_2_22,"INFL,NILM",False,0,False
train,60,HSIL_LSIL_1_15,"ENDO,INFL,NILM",False,0,False
train,61,SCC_2_5,SCC,True,18,False
train,62,LSIL_31_4,INFL,False,0,False
train,63,ASCH_2_29,"HSIL,INFL,LSIL,NILM,SCC",True,28,False
train,64,HSIL_18_1,"HSIL,LSIL,NILM",True,9,False
train,65,HSIL_36_1,"ASCH,SCC",True,19,False
train,66,HSIL_25_6,"ENDO,INFL,LSIL,SCC",True,42,False
train,67,LSIL_30_1,NILM,False,0,False
train,68,ASCH_2_30,"ASCUS,INFL,LSIL,NILM",True,5,False
train,69,LSIL_28_5,"INFL,NILM",False,0,False
train,70,HSIL_32_2,"ASCUS,INFL,LSIL,NILM",True,2,False
train,71,LSIL_16_4,"HSIL,LSIL",True,23,False
train,72,LSIL_39_5,"HSIL,INFL,LSIL",True,12,False
train,73,SCC_5_19,"HSIL,INFL,NILM",True,3,False
train,74,LSIL_54_5,"INFL,SCC",True,3,False
train,75,HSIL_15_22,"INFL,NILM",False,0,False
train,76,SCC_3_2,"HSIL,SCC",True,13,False
train,77,LSIL_5_3,"ASCUS,INFL",True,1,False
train,78,LSIL_3_3,"LSIL,NILM",True,1,False
train,79,LSIL_24_7,"INFL,LSIL",True,5,False
train,80,LSIL_35_4,"HSIL,INFL,LSIL",True,19,False
train,81,HSIL_32_8,"INFL,NILM",False,0,False
train,82,LSIL_4_3,NILM,False,0,False
train,83,LSIL_30_4,NILM,False,0,False
train,84,HSIL_26_5,NILM,False,0,False
train,85,LSIL_38_5,"LSIL,NILM",True,3,False
train,86,HSIL_LSIL_4_9,"HSIL,NILM",True,2,False
train,87,ASCH_2_19,"HSIL,INFL,LSIL,NILM",True,18,False
train,88,SCC_2_1,SCC,True,7,False
train,89,HSIL_34_5,"ASCH,HSIL,INFL,LSIL,NILM,SCC",True,18,False
train,90,ASCUS_1_18,"ASCUS,INFL,LSIL,NILM",True,10,False
train,91,HSIL_LSIL_2_7,"ASCH,ENDO,INFL,LSIL,NILM",True,8,False
train,92,LSIL_1_1,"INFL,LSIL,NILM",True,1,False
train,93,HSIL_20_1,NILM,False,0,False
train,94,HSIL_14_3,"HSIL,INFL,LSIL,NILM",True,21,False
train,95,HSIL_36_2,SCC,True,77,False
train,96,ASCUS_6_8,"ASCH,HSIL,INFL,LSIL,NILM,SCC",True,21,False
train,97,LSIL_9_4,"ENDO,INFL,NILM",False,0,False
train,98,HSIL_31_7,"HSIL,INFL,LSIL,NILM",True,17,False
train,99,HSIL_LSIL_4_3,"HSIL,NILM",True,1,False
train,100,HSIL_36_5,SCC,True,42,False
train,101,HSIL_22_11,"INFL,LSIL,NILM",True,5,False
train,102,HSIL_25_8,"ASCH,ASCUS,INFL,NILM",True,5,False
train,103,HSIL_31_8,"ASCH,HSIL,INFL,LSIL,NILM",True,25,False
train,104,LSIL_50_5,NILM,False,0,False
train,105,ASCH_2_16,"INFL,LSIL,NILM",True,17,False
train,106,LSIL_50_4,NILM,False,0,False
train,107,LSIL_45_3,"ASCUS,INFL",True,10,False
train,108,LSIL_30_5,NILM,False,0,False
train,109,HSIL_LSIL_3_8,"HSIL,INFL,LSIL,NILM,SCC",True,51,False
train,110,HSIL_8_3,NILM,False,0,False
train,111,HSIL_21_2,NILM,False,0,False
train,112,LSIL_38_3,NILM,False,0,False
train,113,HSIL_32_6,"INFL,NILM",False,0,False
train,114,ASCUS_1_23,"INFL,NILM",False,0,False
train,115,LSIL_25_6,"ASCH,INFL,LSIL",True,13,False
train,116,SCC_3_5,"HSIL,INFL,LSIL",True,2,False
train,117,HSIL_LSIL_3_5,"ASCH,ASCUS,HSIL,LSIL,NILM",True,23,False
train,118,HSIL_24_5,"ENDO,HSIL,INFL,NILM,SCC",True,8,False
train,119,SCC_4_16,NILM,False,0,False
train,120,SCC_5_13,"HSIL,NILM",True,4,False
train,121,LSIL_10_5,"INFL,LSIL",True,23,False
train,122,LSIL_10_2,"INFL,LSIL",True,12,False
train,123,SCC_4_2,HSIL,True,18,False
train,124,HSIL_9_24,"ASCUS,INFL,LSIL,NILM",True,5,False
train,125,HSIL_4_5,"INFL,NILM",False,0,False
train,126,LSIL_6_2,"HSIL,LSIL,NILM",True,11,False
train,127,HSIL_8_2,NILM,False,0,False
train,128,ASCUS_4_4,INFL,False,0,False
train,129,SCC_5_17,"ENDO,HSIL",True,9,False
train,130,LSIL_37_6,NILM,False,0,False
train,131,HSIL_7_5,"HSIL,INFL,LSIL",True,15,False
train,132,HSIL_27_6,NILM,False,0,False
train,133,HSIL_LSIL_2_9,"ASCH,INFL,LSIL",True,14,False
train,134,HSIL_32_12,NILM,False,0,False
train,135,LSIL_20_2,"INFL,LSIL",True,15,False
train,136,HSIL_33_3,"ASCUS,INFL,NILM",True,2,False
train,137,ASCUS_4_2,"ASCUS,INFL,NILM",True,3,False
train,138,LSIL_53_8,"ENDO,INFL,SCC",True,1,False
train,139,HSIL_9_14,"HSIL,INFL,LSIL,NILM",True,35,False
train,140,ASCUS_6_9,"HSIL,INFL,LSIL,NILM,SCC",True,30,False
train,141,LSIL_7_7,"ASCUS,INFL,NILM",True,2,False
train,142,HSIL_12_4,"HSIL,INFL,NILM",True,2,False
train,143,HSIL_2_2,"ENDO,INFL",False,0,False
train,144,HSIL_20_2,INFL,False,0,False
train,145,HSIL_29_12,"HSIL,LSIL,NILM",True,19,False
train,146,SCC_1_4,"HSIL,INFL,NILM",True,10,False
train,147,LSIL_56_5,"INFL,LSIL",True,3,False
train,148,ASCUS_6_7,"HSIL,INFL,LSIL,NILM",True,25,False
train,149,HSIL_20_6,INFL,False,0,False
train,150,ASCUS_1_9,"INFL,LSIL",True,19,False
train,151,HSIL_20_8,"INFL,NILM",False,0,False
train,152,HSIL_LSIL_2_3,"ASCUS,INFL,LSIL,NILM",True,7,False
train,153,LSIL_56_2,"ASCUS,INFL,LSIL",True,2,False
train,154,HSIL_LSIL_1_17,"LSIL,NILM",True,2,False
train,155,SCC_5_4,"ASCH,HSIL",True,45,False
train,156,ASCH_2_26,"INFL,LSIL,NILM",True,21,False
train,157,HSIL_29_13,"HSIL,LSIL,NILM",True,4,False
train,158,HSIL_23_4,"HSIL,INFL,LSIL",True,11,False
train,159,HSIL_1_6,"ASCUS,INFL,LSIL,NILM",True,7,False
train,160,HSIL_9_22,"ASCUS,INFL,NILM",True,3,False
train,161,HSIL_LSIL_2_11,"INFL,LSIL,NILM",True,6,False
train,162,LSIL_49_4,"INFL,NILM",False,0,False
train,163,ASCUS_1_4,"INFL,LSIL",True,8,False
train,164,SCC_3_13,"ASCUS,INFL,SCC",True,12,False
train,165,HSIL_28_3,"ASCUS,ENDO,INFL,NILM",True,3,False
train,166,HSIL_9_21,"INFL,LSIL,NILM",True,2,False
train,167,SCC_3_9,"HSIL,SCC",True,9,False
train,168,LSIL_9_14,"ENDO,INFL,NILM",False,0,False
train,169,HSIL_18_4,"HSIL,INFL,LSIL",True,6,False
train,170,HSIL_19_12,INFL,False,0,False
train,171,HSIL_35_3,"INFL,NILM",False,0,False
train,172,SCC_3_22,"HSIL,INFL,LSIL,SCC",True,6,False
train,173,LSIL_56_3,NILM,False,0,False
train,174,LSIL_48_3,INFL,False,0,False
train,175,HSIL_12_5,"INFL,NILM",False,0,False
train,176,HSIL_23_1,"ENDO,HSIL,INFL,LSIL",True,7,False
train,177,HSIL_18_5,"HSIL,LSIL,NILM",True,11,False
train,178,LSIL_12_1,NILM,False,0,False
train,179,HSIL_32_9,"INFL,NILM",False,0,False
train,180,SCC_5_10,SCC,True,4,False
train,181,HSIL_6_5,NILM,False,0,False
train,182,HSIL_15_6,"HSIL,INFL,LSIL,NILM,SCC",True,22,False
train,183,HSIL_25_1,"HSIL,INFL,LSIL,NILM,SCC",True,41,False
train,184,LSIL_9_17,"ENDO,INFL,NILM",False,0,False
train,185,LSIL_5_2,INFL,False,0,False
train,186,HSIL_8_1,NILM,False,0,False
train,187,LSIL_30_6,NILM,False,0,False
train,188,LSIL_57_4,"HSIL,LSIL",True,20,False
train,189,LSIL_47_5,"ASCH,HSIL,LSIL,NILM",True,7,False
train,190,ASCUS_1_3,"ASCH,INFL,LSIL",True,23,False
train,191,SCC_4_4,HSIL,True,19,False
train,192,LSIL_43_7,"INFL,NILM",False,0,False
train,193,HSIL_35_2,"INFL,LSIL,NILM",True,17,False
train,194,LSIL_7_8,"INFL,NILM",False,0,False
train,195,HSIL_6_4,"ASCUS,ENDO,INFL",True,1,False
train,196,HSIL_14_14,"HSIL,INFL,LSIL,NILM",True,23,False
train,197,HSIL_32_4,"INFL,NILM",False,0,False
train,198,SCC_5_8,SCC,True,2,False
train,199,LSIL_8_4,ENDO,False,0,False
train,200,LSIL_53_4,"ASCH,HSIL,INFL,NILM",True,11,False
train,201,HSIL_LSIL_1_6,"ASCH,HSIL,INFL,NILM",True,10,False
train,202,LSIL_16_2,"ENDO,LSIL",True,10,False
train,203,HSIL_36_4,"HSIL,SCC",True,36,False
train,204,ASCUS_1_17,"ASCUS,INFL,NILM",True,1,False
train,205,ASCUS_6_11,"INFL,LSIL,NILM",True,9,False
train,206,LSIL_8_3,ENDO,False,0,False
train,207,LSIL_43_3,"ASCUS,INFL,LSIL,NILM",True,5,False
train,208,LSIL_43_1,"ASCH,INFL,LSIL,NILM",True,11,False
train,209,ASCUS_1_1,"LSIL,NILM",True,7,False
train,210,HSIL_15_11,"HSIL,INFL,LSIL,NILM,SCC",True,23,False
train,211,LSIL_31_6,INFL,False,0,False
train,212,ASCH_2_20,"INFL,LSIL,NILM",True,2,False
train,213,LSIL_4_5,"ASCUS,INFL",True,7,False
train,214,LSIL_30_3,NILM,False,0,False
train,215,HSIL_35_7,"HSIL,INFL,LSIL,NILM",True,5,False
train,216,HSIL_34_8,SCC,True,47,False
train,217,HSIL_1_12,INFL,False,0,False
train,218,LSIL_32_4,"LSIL,NILM",True,2,False
train,219,ASCH_2_1,"INFL,NILM",False,0,False
train,220,HSIL_16_4,"HSIL,INFL,NILM",True,2,False
train,221,LSIL_18_2,"INFL,NILM",False,0,False
train,222,LSIL_34_5,"HSIL,INFL,NILM",True,5,False
train,223,LSIL_23_1,"INFL,LSIL",True,3,False
train,224,LSIL_8_1,"ENDO,LSIL",True,1,False
train,225,SCC_5_15,"HSIL,SCC",True,32,False
train,226,ASCH_2_36,"ASCH,INFL,NILM",True,4,False
train,227,LSIL_50_2,NILM,False,0,False
train,228,LSIL_10_7,NILM,False,0,False
train,229,LSIL_13_1,NILM,False,0,False
train,230,LSIL_32_9,"INFL,LSIL,NILM",True,3,False
train,231,HSIL_30_1,"INFL,NILM",False,0,False
train,232,LSIL_28_4,"INFL,NILM",False,0,False
train,233,LSIL_28_22,"INFL,NILM",False,0,False
train,234,LSIL_17_5,"ASCUS,INFL",True,1,False
train,235,HSIL_1_11,"INFL,LSIL",True,3,False
train,236,SCC_3_16,"HSIL,SCC",True,14,False
train,237,HSIL_9_3,"HSIL,INFL,LSIL,NILM",True,54,False
train,238,LSIL_7_9,"ENDO,INFL,NILM",False,0,False
train,239,HSIL_6_1,"ASCUS,NILM",True,1,False
train,240,HSIL_17_12,"NILM,SCC",True,24,False
train,241,HSIL_19_9,"INFL,NILM",False,0,False
train,242,SCC_1_1,"HSIL,INFL,NILM",True,9,False
train,243,LSIL_20_3,"ASCH,ENDO,INFL",True,1,False
train,244,LSIL_44_3,NILM,False,0,False
train,245,LSIL_1_6,"ASCH,ASCUS,HSIL,INFL,LSIL,NILM,SCC",True,8,False
train,246,HSIL_2_3,"HSIL,INFL,LSIL",True,8,False
train,247,ASCUS_3_1,"ENDO,INFL,LSIL",True,5,False
train,248,LSIL_33_3,"INFL,LSIL,NILM",True,2,False
train,249,LSIL_28_2,"INFL,LSIL,NILM",True,2,False
train,250,HSIL_29_10,"INFL,LSIL,NILM",True,6,False
train,251,LSIL_10_11,NILM,False,0,False
train,252,HSIL_27_2,"HSIL,INFL",True,2,False
train,253,HSIL_20_7,INFL,False,0,False
train,254,HSIL_15_4,"ASCH,HSIL,INFL,LSIL",True,14,False
train,255,HSIL_14_19,"ASCUS,INFL,LSIL,NILM",True,13,False
train,256,HSIL_29_8,"ASCH,HSIL,INFL,LSIL,NILM",True,25,False
train,257,LSIL_38_4,"LSIL,NILM",True,1,False
train,258,HSIL_LSIL_4_1,"ASCH,HSIL,LSIL",True,11,False
train,259,HSIL_20_13,"ASCH,ENDO,INFL",True,1,False
train,260,HSIL_11_5,"ASCH,ASCUS,NILM",True,4,False
train,261,LSIL_9_7,"ENDO,INFL,NILM",False,0,False
train,262,ASCUS_1_16,"INFL,NILM",False,0,False
train,263,NILM_1_2,"ASCUS,INFL,LSIL,NILM",True,8,False
train,264,HSIL_29_11,"HSIL,LSIL,NILM",True,32,False
train,265,HSIL_20_3,"LSIL,NILM",True,2,False
train,266,SCC_3_12,"HSIL,INFL,SCC",True,20,False
train,267,LSIL_44_4,"ASCUS,INFL,NILM",True,4,False
train,268,HSIL_LSIL_1_14,"ASCH,INFL",True,10,False
train,269,ASCH_2_33,"ASCUS,INFL,NILM",True,3,False
train,270,LSIL_32_7,"INFL,NILM",False,0,False
train,271,SCC_3_24,"HSIL,SCC",True,17,False
train,272,ASCH_2_35,"ENDO,INFL,LSIL,NILM,SCC",True,51,False
train,273,HSIL_25_9,"ENDO,INFL,SCC",True,20,False
train,274,LSIL_44_1,"INFL,NILM",False,0,False
train,275,LSIL_14_2,"HSIL,INFL,LSIL,NILM",True,28,False
train,276,HSIL_9_1,"HSIL,INFL,LSIL,NILM",True,39,False
train,277,SCC_5_14,HSIL,True,8,False
train,278,HSIL_9_25,"ASCH,INFL,NILM",True,1,False
train,279,LSIL_23_2,"INFL,LSIL,NILM",True,10,False
train,280,HSIL_1_17,NILM,False,0,False
train,281,HSIL_1_1,"ENDO,INFL,NILM",False,0,False
train,282,HSIL_32_3,"INFL,NILM",False,0,False
train,283,HSIL_31_1,"ASCH,HSIL,INFL,LSIL,NILM,SCC",True,43,False
train,284,LSIL_40_1,"HSIL,INFL,LSIL",True,54,False
train,285,LSIL_28_15,"ENDO,INFL,NILM",False,0,False
train,286,LSIL_28_10,"INFL,LSIL,NILM",True,1,False
train,287,HSIL_22_8,"ASCH,INFL,SCC",True,6,False
train,288,LSIL_1_9,"ASCUS,INFL,LSIL,NILM",True,8,False
train,289,HSIL_24_6,"ASCH,HSIL,INFL,NILM",True,3,False
train,290,LSIL_33_6,"ASCUS,INFL,NILM",True,1,False
train,291,LSIL_35_3,INFL,False,0,False
train,292,HSIL_1_7,"ASCUS,HSIL,INFL,LSIL,NILM",True,5,False
train,293,LSIL_10_14,"INFL,LSIL,NILM",True,3,False
train,294,HSIL_1_8,"ENDO,INFL,LSIL,NILM",True,1,False
train,295,LSIL_10_15,"ASCUS,INFL,LSIL,NILM",True,14,False
train,296,SCC_4_13,HSIL,True,2,False
train,297,LSIL_26_5,"ASCUS,NILM",True,5,False
train,298,LSIL_32_3,NILM,False,0,False
train,299,HSIL_9_23,"INFL,LSIL,NILM",True,2,False
train,300,HSIL_32_11,"INFL,NILM",False,0,False
train,301,ASCUS_6_3,"HSIL,INFL,LSIL,NILM",True,34,False
train,302,LSIL_16_5,INFL,False,0,False
train,303,HSIL_17_7,INFL,False,0,False
train,304,HSIL_13_5,LSIL,True,9,False
train,305,ASCH_2_9,"INFL,NILM",False,0,False
train,306,LSIL_28_3,"INFL,NILM",False,0,False
train,307,HSIL_LSIL_1_11,"ENDO,NILM",False,0,False
train,308,LSIL_2_1,"INFL,NILM",False,0,False
train,309,LSIL_1_4,"ASCUS,INFL,LSIL,NILM",True,9,False
train,310,LSIL_43_2,"ASCUS,INFL,NILM",True,1,False
train,311,HSIL_24_2,"ASCH,INFL,NILM,SCC",True,7,False
train,312,HSIL_1_9,"HSIL,INFL,NILM",True,2,False
train,313,LSIL_52_3,"INFL,LSIL",True,14,False
train,314,SCC_3_6,"HSIL,INFL",True,14,False
train,315,LSIL_7_12,"ASCUS,INFL,NILM",True,3,False
train,316,ASCH_1_8,"INFL,NILM",False,0,False
train,317,SCC_1_7,"INFL,NILM",False,0,False
train,318,HSIL_32_13,NILM,False,0,False
train,319,HSIL_2_4,"HSIL,INFL,LSIL",True,7,False
train,320,LSIL_28_9,"INFL,LSIL,NILM",True,2,False
train,321,LSIL_27_3,"HSIL,NILM",True,7,False
train,322,HSIL_LSIL_1_13,"ENDO,NILM",False,0,False
train,323,ASCUS_1_13,"INFL,LSIL",True,3,False
train,324,LSIL_24_3,"ENDO,LSIL",True,4,False
train,325,ASCH_1_5,"ASCH,HSIL,INFL,NILM",True,6,False
train,326,LSIL_25_2,"INFL,LSIL",True,8,False
train,327,LSIL_24_6,"ASCUS,INFL,LSIL",True,5,False
train,328,ASCUS_4_1,"ASCUS,INFL",True,1,False
train,329,HSIL_10_1,"HSIL,INFL,LSIL,NILM,SCC",True,17,False
train,330,SCC_4_18,HSIL,True,1,False
train,331,HSIL_LSIL_2_4,"INFL,LSIL,NILM",True,3,False
train,332,HSIL_11_4,"ENDO,HSIL,LSIL,SCC",True,37,False
train,333,SCC_5_12,"ASCH,INFL,LSIL,NILM",True,7,False
train,334,HSIL_22_4,"LSIL,NILM",True,2,False
train,335,HSIL_LSIL_4_8,NILM,False,0,False
train,336,LSIL_51_2,NILM,False,0,False
train,337,LSIL_28_24,"INFL,LSIL,NILM",True,5,False
train,338,HSIL_LSIL_1_10,"ASCH,HSIL,INFL,LSIL,NILM",True,29,False
train,339,HSIL_29_5,"HSIL,INFL,LSIL,NILM,SCC",True,3,False
train,340,LSIL_12_4,"INFL,NILM",False,0,False
train,341,LSIL_28_16,"INFL,NILM",False,0,False
train,342,HSIL_LSIL_2_6,"INFL,LSIL,NILM",True,1,False
train,343,HSIL_7_3,INFL,False,0,False
train,344,LSIL_51_5,"LSIL,NILM",True,1,False
train,345,LSIL_2_4,INFL,False,0,False
train,346,HSIL_LSIL_3_7,"ASCUS,INFL,LSIL,NILM",True,3,False
train,347,HSIL_24_3,"ASCH,HSIL,INFL,NILM",True,3,False
train,348,SCC_4_9,HSIL,True,8,False
train,349,LSIL_42_1,NILM,False,0,False
train,350,HSIL_15_3,"INFL,LSIL",True,3,False
train,351,HSIL_15_14,"HSIL,INFL,LSIL,NILM,SCC",True,11,False
train,352,HSIL_18_2,"HSIL,INFL,LSIL,SCC",True,8,False
train,353,LSIL_50_6,NILM,False,0,False
train,354,SCC_3_7,"HSIL,INFL",True,6,False
train,355,LSIL_5_5,INFL,False,0,False
train,356,LSIL_43_4,"HSIL,INFL,LSIL,NILM",True,21,False
train,357,HSIL_14_16,"HSIL,INFL,LSIL,NILM",True,15,False
train,358,LSIL_28_17,"INFL,NILM",False,0,False
train,359,HSIL_LSIL_1_16,"INFL,NILM",False,0,False
train,360,LSIL_48_5,INFL,False,0,False
train,361,HSIL_20_15,INFL,False,0,False
train,362,SCC_1_9,"INFL,NILM",False,0,False
train,363,LSIL_28_7,"INFL,LSIL,NILM",True,3,False
train,364,SCC_4_10,HSIL,True,13,False
train,365,LSIL_20_5,"ASCH,ENDO,INFL",True,2,False
train,366,LSIL_10_4,"ASCH,INFL,LSIL",True,15,False
train,367,HSIL_LSIL_4_12,"ENDO,NILM",False,0,False
train,368,LSIL_17_3,INFL,False,0,False
train,369,ASCH_2_31,"INFL,LSIL,NILM",True,12,False
train,370,LSIL_33_9,"INFL,LSIL,NILM",True,2,False
train,371,NILM_1_9,HSIL,True,1,False
train,372,LSIL_18_5,NILM,False,0,False
train,373,HSIL_15_20,"ASCH,ASCUS,HSIL,INFL,LSIL,NILM",True,10,False
train,374,LSIL_28_19,"ASCH,INFL,LSIL,NILM",True,8,False
train,375,LSIL_50_8,"LSIL,NILM",True,2,False
train,376,LSIL_35_5,"INFL,LSIL",True,4,False
train,377,LSIL_19_1,NILM,False,0,False
train,378,LSIL_20_4,"ASCUS,ENDO,INFL",True,32,False
train,379,ASCUS_4_5,INFL,False,0,False
train,380,NILM_1_8,"INFL,LSIL,SCC",True,28,False
train,381,HSIL_26_1,NILM,False,0,False
train,382,HSIL_12_3,"INFL,NILM",False,0,False
train,383,LSIL_17_4,INFL,False,0,False
train,384,HSIL_28_7,"ASCH,ENDO,INFL,NILM",True,5,False
train,385,LSIL_57_3,"HSIL,LSIL",True,17,False
train,386,LSIL_7_5,"ASCUS,INFL,NILM",True,2,False
train,387,HSIL_25_2,"ASCUS,INFL,LSIL,NILM",True,5,False
train,388,ASCUS_2_5,NILM,False,0,False
train,389,LSIL_28_14,"INFL,LSIL,NILM",True,5,False
train,390,HSIL_14_9,"ASCH,INFL,LSIL,NILM",True,15,False
train,391,HSIL_35_1,"ASCUS,INFL",True,1,False
train,392,HSIL_22_9,"HSIL,INFL",True,8,False
train,393,HSIL_LSIL_3_1,"INFL,NILM",False,0,False
train,394,HSIL_3_3,NILM,False,0,False
train,395,HSIL_14_1,"ASCUS,HSIL,INFL,LSIL,NILM",True,25,False
train,396,HSIL_LSIL_4_7,NILM,False,0,False
train,397,HSIL_19_8,INFL,False,0,False
train,398,LSIL_33_8,"INFL,NILM",False,0,False
train,399,HSIL_7_1,"INFL,LSIL",True,3,False
train,400,HSIL_18_11,"ASCUS,LSIL,NILM",True,6,False
train,401,HSIL_1_16,NILM,False,0,False
train,402,LSIL_23_4,"ENDO,INFL,LSIL,NILM",True,7,False
train,403,NILM_1_7,"ASCH,ASCUS,ENDO,NILM",True,2,False
train,404,HSIL_33_2,"ASCH,ASCUS,INFL,NILM",True,4,False
train,405,LSIL_33_1,INFL,False,0,False
train,406,HSIL_30_4,NILM,False,0,False
train,407,HSIL_19_6,INFL,False,0,False
train,408,LSIL_40_3,"ASCH,INFL,LSIL",True,8,False
train,409,HSIL_19_4,INFL,False,0,False
train,410,HSIL_29_4,"ASCH,ASCUS,HSIL,INFL,LSIL,NILM",True,22,False
train,411,HSIL_6_3,NILM,False,0,False
train,412,HSIL_4_1,NILM,False,0,False
train,413,LSIL_9_13,"ENDO,NILM",False,0,False
train,414,HSIL_14_13,"HSIL,INFL,LSIL,NILM",True,42,False
train,415,LSIL_10_17,"ENDO,INFL,NILM",False,0,False
train,416,SCC_1_5,"HSIL,INFL,NILM",True,2,False
train,417,LSIL_31_1,INFL,False,0,False
train,418,ASCUS_1_8,"INFL,LSIL",True,17,False
train,419,HSIL_3_1,NILM,False,0,False
train,420,LSIL_28_11,"INFL,LSIL,NILM",True,2,False
train,421,HSIL_21_3,"LSIL,NILM",True,1,False
train,422,LSIL_35_2,"INFL,LSIL",True,12,False
train,423,HSIL_14_7,"ENDO,INFL,LSIL,NILM",True,44,False
train,424,HSIL_27_7,"INFL,NILM",False,0,False
train,425,LSIL_37_9,"INFL,NILM",False,0,False
train,426,SCC_4_3,HSIL,True,7,False
train,427,HSIL_28_2,"ASCH,ENDO,HSIL,INFL,LSIL,NILM",True,17,False
train,428,HSIL_14_15,"ASCH,HSIL,INFL,LSIL,NILM",True,7,False
train,429,LSIL_41_6,"ASCUS,INFL,NILM",True,8,False
train,430,ASCH_2_25,"INFL,LSIL,NILM",True,6,False
train,431,ASCUS_1_11,"INFL,LSIL",True,2,False
train,432,ASCH_1_7,"INFL,NILM",False,0,False
train,433,LSIL_53_3,"HSIL,INFL,NILM",True,5,False
train,434,LSIL_53_7,"ENDO,INFL",False,0,False
train,435,HSIL_19_11,"INFL,NILM",False,0,False
train,436,SCC_3_14,SCC,True,15,False
train,437,LSIL_40_2,"INFL,NILM",False,0,False
train,438,SCC_5_3,"ASCH,HSIL,INFL,LSIL,NILM",True,25,False
train,439,SCC_2_6,"INFL,LSIL,NILM",True,2,False
train,440,HSIL_LSIL_1_5,"INFL,NILM",False,0,False
train,441,LSIL_53_5,"HSIL,INFL,NILM",True,25,False
train,442,ASCH_2_17,"INFL,LSIL,NILM",True,3,False
train,443,SCC_4_12,INFL,False,0,False
train,444,HSIL_3_2,"ENDO,INFL",False,0,False
train,445,ASCUS_1_12,INFL,False,0,False
train,446,HSIL_15_10,"ASCUS,HSIL,INFL,LSIL,NILM,SCC",True,21,False
train,447,LSIL_2_3,INFL,False,0,False
train,448,HSIL_24_1,"ASCH,HSIL,INFL,NILM,SCC",True,37,False
train,449,HSIL_1_4,"ASCUS,INFL,LSIL,NILM",True,9,False
train,450,LSIL_13_2,NILM,False,0,False
train,451,HSIL_32_14,"INFL,NILM",False,0,False
train,452,LSIL_12_6,NILM,False,0,False
train,453,HSIL_19_7,INFL,False,0,False
train,454,ASCUS_5_2,"INFL,LSIL",True,7,False
train,455,HSIL_19_1,"ASCUS,LSIL,NILM",True,10,False
train,456,HSIL_15_2,"INFL,LSIL,NILM,SCC",True,28,False
train,457,LSIL_34_10,NILM,False,0,False
train,458,HSIL_17_4,"LSIL,SCC",True,17,False
train,459,LSIL_1_7,"ASCH,HSIL,INFL,LSIL,NILM",True,28,False
train,460,LSIL_37_3,NILM,False,0,False
train,461,SCC_5_7,"ASCH,ASCUS,ENDO,HSIL,NILM",True,15,False
train,462,HSIL_15_17,"ASCH,ASCUS,INFL,NILM,SCC",True,12,False
train,463,ASCH_1_9,"INFL,LSIL,NILM",True,1,False
train,464,LSIL_9_1,"ENDO,INFL,LSIL,NILM",True,5,False
train,465,LSIL_10_13,"ASCUS,INFL,LSIL,NILM",True,6,False
train,466,LSIL_22_4,"ENDO,INFL,LSIL,NILM",True,3,False
train,467,LSIL_4_4,INFL,False,0,False
train,468,LSIL_25_4,"LSIL,NILM",True,3,False
train,469,HSIL_27_8,"ASCH,INFL,NILM",True,12,False
train,470,LSIL_10_3,INFL,False,0,False
train,471,HSIL_1_13,"INFL,NILM",False,0,False
train,472,LSIL_6_4,"HSIL,INFL,LSIL",True,13,False
train,473,ASCH_2_13,"HSIL,INFL,LSIL,NILM",True,23,False
train,474,HSIL_15_13,"HSIL,INFL,LSIL,NILM,SCC",True,11,False
train,475,HSIL_20_5,INFL,False,0,False
train,476,LSIL_50_7,"LSIL,NILM",True,4,False
train,477,HSIL_29_7,"HSIL,INFL,LSIL,NILM,SCC",True,31,False
train,478,HSIL_1_21,NILM,False,0,False
train,479,LSIL_22_5,"ENDO,HSIL,INFL,LSIL",True,16,False
train,480,ASCH_2_11,"ASCUS,INFL,LSIL,NILM",True,20,False
train,481,LSIL_38_11,"LSIL,NILM",True,5,False
train,482,HSIL_27_10,NILM,False,0,False
train,483,HSIL_5_2,SCC,True,20,False
train,484,SCC_5_9,SCC,True,3,False
train,485,HSIL_18_8,"ASCUS,NILM",True,3,False
train,486,LSIL_10_9,"ASCUS,LSIL,NILM",True,11,False
train,487,ASCUS_4_3,"INFL,LSIL",True,13,False
train,488,HSIL_26_2,"INFL,LSIL,NILM",True,1,False
train,489,SCC_3_23,"ASCH,HSIL,SCC",True,9,False
train,490,LSIL_10_16,"ASCUS,INFL,LSIL,NILM",True,5,False
train,491,LSIL_35_1,"ASCUS,INFL",True,1,False
train,492,LSIL_37_5,NILM,False,0,False
train,493,HSIL_17_9,SCC,True,48,False
train,494,LSIL_15_4,"LSIL,NILM",True,2,False
train,495,LSIL_1_8,"INFL,NILM",False,0,False
train,496,ASCH_1_1,"ASCH,HSIL,INFL,NILM",True,3,False
train,497,LSIL_34_4,LSIL,True,11,False
train,498,SCC_5_22,"HSIL,INFL,LSIL,NILM,SCC",True,19,False
train,499,HSIL_4_2,NILM,False,0,False
train,500,HSIL_31_2,"ASCH,ASCUS,HSIL,INFL,LSIL,SCC",True,43,False
train,501,HSIL_26_3,"LSIL,NILM",True,1,False
train,502,LSIL_7_2,NILM,False,0,False
train,503,LSIL_24_1,"INFL,LSIL",True,2,False
train,504,HSIL_9_20,"ASCH,INFL,LSIL,NILM",True,9,False
train,505,LSIL_11_3,"INFL,LSIL,NILM",True,1,False
train,506,ASCH_2_8,"ASCUS,INFL,LSIL,NILM",True,6,False
train,507,HSIL_LSIL_2_5,"INFL,LSIL,NILM",True,14,False
train,508,LSIL_47_1,NILM,False,0,False
train,509,HSIL_31_3,"ASCH,ENDO,HSIL,INFL,LSIL,NILM",True,20,False
train,510,HSIL_9_16,"INFL,NILM",False,0,False
train,511,LSIL_38_9,LSIL,True,13,False
train,512,HSIL_9_4,"HSIL,INFL,LSIL,NILM",True,50,False
train,513,HSIL_22_6,NILM,False,0,False
train,514,ASCUS_3_5,NILM,False,0,False
train,515,LSIL_9_16,"ENDO,INFL,NILM",False,0,False
train,516,HSIL_1_5,"ASCH,ENDO,HSIL,INFL,LSIL,NILM",True,19,False
train,517,HSIL_22_2,"INFL,NILM",False,0,False
train,518,LSIL_36_3,NILM,False,0,False
train,519,ASCH_2_10,"ASCUS,INFL,LSIL,NILM",True,28,False
train,520,HSIL_1_20,NILM,False,0,False
train,521,LSIL_13_5,"INFL,NILM",False,0,False
train,522,HSIL_18_3,"HSIL,LSIL,NILM,SCC",True,12,False
train,523,LSIL_38_2,NILM,False,0,False
train,524,SCC_3_20,"HSIL,SCC",True,23,False
train,525,HSIL_16_5,"ASCH,HSIL,LSIL",True,12,False
train,526,ASCUS_3_2,"ASCUS,INFL",True,3,False
train,527,HSIL_9_13,"HSIL,INFL,LSIL,NILM",True,19,False
train,528,HSIL_17_3,SCC,True,39,False
train,529,LSIL_37_16,NILM,False,0,False
train,530,ASCUS_2_2,"LSIL,NILM",True,2,False
train,531,ASCH_2_6,"INFL,LSIL,NILM",True,4,False
train,532,LSIL_46_4,INFL,False,0,False
train,533,HSIL_9_6,"ASCH,ASCUS,HSIL,INFL,LSIL,NILM",True,14,False
train,534,LSIL_9_6,"ASCH,ENDO,HSIL,INFL,LSIL,NILM",True,5,False
train,535,HSIL_5_4,SCC,True,11,False
train,536,SCC_3_11,"HSIL,INFL,SCC",True,17,False
train,537,LSIL_53_2,"HSIL,INFL,LSIL",True,22,False
train,538,SCC_5_5,"NILM,SCC",True,17,False
train,539,LSIL_31_2,INFL,False,0,False
train,540,HSIL_9_12,"ASCUS,INFL,NILM",True,2,False
train,541,LSIL_32_1,"INFL,NILM",False,0,False
train,542,HSIL_30_3,INFL,False,0,False
train,543,ASCUS_1_6,"INFL,LSIL",True,2,False
train,544,LSIL_13_3,NILM,False,0,False
train,545,LSIL_21_3,INFL,False,0,False
train,546,ASCUS_1_2,"ASCH,HSIL,LSIL,NILM",True,13,False
train,547,ASCUS_2_3,NILM,False,0,False
train,548,LSIL_36_1,NILM,False,0,False
train,549,HSIL_LSIL_2_8,"INFL,LSIL,NILM",True,7,False
train,550,LSIL_36_4,NILM,False,0,False
train,551,LSIL_17_1,INFL,False,0,False
train,552,LSIL_52_2,"INFL,LSIL",True,11,False
train,553,LSIL_16_1,"ASCUS,NILM",True,1,False
train,554,LSIL_34_11,"INFL,LSIL",True,1,False
train,555,LSIL_22_2,"ASCUS,INFL,NILM",True,4,False
train,556,LSIL_28_6,"INFL,LSIL,NILM",True,1,False
train,557,LSIL_38_10,"LSIL,NILM",True,2,False
train,558,HSIL_1_19,"HSIL,NILM",True,5,False
train,559,ASCUS_3_4,"ASCUS,INFL",True,1,False
train,560,HSIL_27_4,"INFL,NILM",False,0,False
train,561,HSIL_31_6,"ASCH,HSIL,INFL,LSIL,NILM",True,27,False
train,562,HSIL_5_5,SCC,True,41,False
train,563,LSIL_12_3,"INFL,NILM",False,0,False
train,564,ASCH_2_23,"HSIL,INFL,LSIL,NILM",True,59,False
train,565,HSIL_15_19,"ASCUS,INFL,LSIL,NILM",True,2,False
train,566,LSIL_19_3,NILM,False,0,False
train,567,HSIL_4_3,"INFL,NILM",False,0,False
train,568,HSIL_29_6,"ASCH,HSIL,INFL,NILM",True,11,False
train,569,LSIL_45_5,"ASCH,LSIL",True,35,False
train,570,ASCH_2_27,"ASCH,INFL,LSIL,NILM",True,21,False
train,571,HSIL_13_2,"ASCUS,LSIL",True,3,False
train,572,LSIL_8_2,ENDO,False,0,False
train,573,LSIL_7_11,"INFL,NILM",False,0,False
train,574,ASCH_2_7,"INFL,LSIL,NILM",True,8,False
train,575,ASCH_2_34,"ASCUS,INFL,NILM",True,5,False
train,576,HSIL_14_22,"ASCH,INFL,LSIL,NILM",True,6,False
train,577,HSIL_14_21,"ASCUS,HSIL,INFL,LSIL,NILM",True,21,False
train,578,HSIL_25_7,"INFL,LSIL,SCC",True,25,False
train,579,HSIL_15_18,"ASCH,INFL,NILM,SCC",True,19,False
train,580,LSIL_32_5,"ASCH,INFL,NILM",True,2,False
train,581,LSIL_16_3,INFL,False,0,False
train,582,HSIL_22_5,NILM,False,0,False
train,583,LSIL_5_4,SCC,True,26,False
train,584,LSIL_10_20,"INFL,NILM",False,0,False
train,585,ASCH_1_3,"ENDO,INFL,NILM",False,0,False
train,586,LSIL_26_7,"INFL,NILM",False,0,False
train,587,HSIL_LSIL_4_10,"HSIL,NILM",True,5,False
train,588,ASCUS_6_10,"HSIL,INFL,LSIL",True,19,False
train,589,HSIL_31_9,"ASCH,HSIL,INFL,NILM",True,2,False
train,590,HSIL_19_2,"INFL,NILM",False,0,False
train,591,LSIL_37_1,NILM,False,0,False
train,592,LSIL_37_11,"INFL,NILM",False,0,False
train,593,LSIL_28_23,"INFL,LSIL,NILM",True,2,False
train,594,HSIL_14_24,"HSIL,INFL,LSIL,NILM",True,13,False
train,595,LSIL_50_3,"LSIL,NILM",True,2,False
train,596,HSIL_9_8,"INFL,LSIL,NILM",True,27,False
train,597,LSIL_29_1,"LSIL,NILM",True,10,False
train,598,LSIL_48_1,"INFL,NILM",False,0,False
train,599,LSIL_44_5,"ASCH,HSIL,INFL,LSIL,NILM",True,14,False
train,600,HSIL_15_16,"ASCH,INFL,NILM",True,2,False
train,601,ASCH_1_6,"INFL,NILM",False,0,False
train,602,LSIL_39_4,INFL,False,0,False
train,603,HSIL_16_7,"HSIL,INFL",True,1,False
train,604,HSIL_31_10,"HSIL,INFL,LSIL,NILM",True,8,False
train,605,LSIL_31_5,INFL,False,0,False
train,606,ASCUS_1_19,"ASCUS,INFL,LSIL,NILM",True,7,False
train,607,LSIL_9_5,"ENDO,INFL,NILM",False,0,False
train,608,SCC_3_3,"HSIL,SCC",True,5,False
train,609,HSIL_28_4,"ENDO,INFL,NILM",False,0,False
train,610,HSIL_9_17,"ASCH,HSIL,INFL,LSIL,NILM",True,17,False
train,611,ASCUS_1_10,"ASCUS,INFL",True,4,False
train,612,HSIL_18_6,"HSIL,LSIL,NILM",True,15,False
train,613,LSIL_7_13,"HSIL,INFL,NILM",True,1,False
train,614,LSIL_42_5,NILM,False,0,False
train,615,SCC_1_10,"INFL,NILM",False,0,False
train,616,HSIL_30_5,INFL,False,0,False
train,617,LSIL_19_2,NILM,False,0,False
train,618,SCC_4_5,"HSIL,LSIL",True,18,False
train,619,LSIL_28_20,"INFL,LSIL,NILM",True,10,False
train,620,LSIL_55_2,"ASCUS,INFL,LSIL,NILM",True,3,False
train,621,LSIL_50_9,NILM,False,0,False
train,622,SCC_1_3,"ASCH,INFL,NILM",True,1,False
train,623,HSIL_18_9,"ASCUS,LSIL,NILM",True,3,False
train,624,LSIL_45_1,"HSIL,INFL,NILM",True,2,False
train,625,LSIL_2_5,"INFL,NILM",False,0,False
train,626,LSIL_18_1,"LSIL,NILM",True,1,False
train,627,HSIL_12_1,"INFL,LSIL,NILM",True,2,False
train,628,LSIL_37_13,NILM,False,0,False
train,629,HSIL_22_7,"LSIL,NILM",True,1,False
train,630,LSIL_30_2,NILM,False,0,False
train,631,LSIL_52_1,"INFL,LSIL",True,2,False
train,632,HSIL_25_4,"HSIL,LSIL,NILM",True,9,False
train,633,HSIL_15_8,"HSIL,INFL,LSIL,NILM,SCC",True,42,False
train,634,LSIL_12_5,"INFL,NILM",False,0,False
train,635,SCC_5_21,SCC,True,2,False
train,636,ASCUS_1_7,"ASCH,INFL",True,8,False
train,637,LSIL_15_5,"ENDO,INFL,LSIL,NILM",True,2,False
train,638,ASCUS_1_22,"INFL,NILM",False,0,False
train,639,HSIL_36_3,SCC,True,13,False
train,640,HSIL_17_2,SCC,True,8,False
train,641,LSIL_46_3,INFL,False,0,False
train,642,LSIL_17_2,INFL,False,0,False
train,643,HSIL_2_5,INFL,False,0,False
train,644,LSIL_6_5,"INFL,LSIL,SCC",True,19,False
train,645,HSIL_17_11,"INFL,SCC",True,3,False
train,646,LSIL_22_3,"ENDO,INFL",False,0,False
train,647,HSIL_20_12,"INFL,NILM",False,0,False
train,648,HSIL_LSIL_4_4,NILM,False,0,False
train,649,LSIL_37_10,"LSIL,NILM",True,1,False
train,650,HSIL_6_2,NILM,False,0,False
train,651,ASCUS_1_5,"ASCUS,INFL",True,2,False
train,652,LSIL_54_1,"ASCH,INFL,LSIL,NILM",True,2,False
train,653,HSIL_7_2,"ASCH,HSIL,INFL",True,2,False
train,654,HSIL_34_1,"ASCH,ENDO,HSIL,INFL,NILM,SCC",True,21,False
train,655,SCC_3_25,"ASCH,HSIL,INFL,SCC",True,9,False
train,656,LSIL_5_1,"ASCH,HSIL,LSIL,SCC",True,9,False
train,657,LSIL_24_5,"INFL,LSIL,NILM",True,5,False
train,658,HSIL_LSIL_4_2,"ENDO,NILM",False,0,False
train,659,LSIL_26_1,"INFL,NILM",False,0,False
train,660,LSIL_21_5,"HSIL,INFL",True,2,False
train,661,HSIL_LSIL_4_6,"ENDO,INFL",False,0,False
train,662,LSIL_10_12,"ENDO,INFL,LSIL,NILM",True,5,False
train,663,LSIL_26_4,"ASCH,INFL,LSIL",True,10,False
train,664,LSIL_37_12,NILM,False,0,False
train,665,HSIL_29_9,"ENDO,HSIL,INFL,LSIL,NILM,SCC",True,52,False
train,666,HSIL_LSIL_1_19,NILM,False,0,False
train,667,ASCH_2_37,"INFL,NILM",False,0,False
train,668,LSIL_40_5,"HSIL,INFL,LSIL,NILM",True,8,False
train,669,SCC_5_2,"HSIL,INFL,SCC",True,79,False
train,670,LSIL_15_3,NILM,False,0,False
val,0,LSIL_1_3,"ASCUS,INFL,LSIL,NILM",True,10,False
val,1,LSIL_25_5,"ASCUS,INFL,LSIL",True,5,False
val,2,SCC_3_17,HSIL,True,7,False
val,3,ASCUS_1_26,"ASCUS,INFL,NILM",True,6,False
val,4,LSIL_42_4,NILM,False,0,False
val,5,LSIL_19_4,NILM,False,0,False
val,6,HSIL_LSIL_1_2,NILM,False,0,False
val,7,LSIL_33_7,"INFL,LSIL,NILM",True,2,False
val,8,LSIL_10_10,"ASCUS,INFL,NILM",True,11,False
val,9,LSIL_41_5,"ASCUS,INFL,NILM",True,1,False
val,10,HSIL_9_7,"ASCH,HSIL,INFL,LSIL,NILM",True,22,False
val,11,HSIL_34_2,"ENDO,INFL,LSIL,NILM",True,5,False
val,12,LSIL_43_9,"ASCUS,INFL,LSIL,NILM",True,4,False
val,13,HSIL_LSIL_3_6,"HSIL,INFL,LSIL,NILM",True,64,False
val,14,LSIL_34_1,"INFL,LSIL",True,3,False
val,15,SCC_3_4,"HSIL,SCC",True,6,False
val,16,HSIL_34_3,"HSIL,INFL,LSIL,NILM",True,5,False
val,17,LSIL_28_13,"ASCUS,INFL,LSIL,NILM",True,8,False
val,18,LSIL_57_1,"ASCUS,LSIL,NILM",True,10,False
val,19,HSIL_31_5,"ENDO,HSIL,INFL,LSIL,NILM",True,26,False
val,20,HSIL_32_1,"INFL,NILM",False,0,False
val,21,HSIL_LSIL_2_10,"INFL,LSIL,NILM",True,4,False
val,22,ASCUS_2_4,NILM,False,0,False
val,23,LSIL_28_21,"HSIL,INFL,LSIL,NILM",True,12,False
val,24,HSIL_22_3,"HSIL,NILM",True,2,False
val,25,LSIL_26_3,"ASCUS,INFL",True,3,False
val,26,HSIL_29_3,"ASCUS,INFL,LSIL,NILM",True,5,False
val,27,LSIL_4_2,INFL,False,0,False
val,28,LSIL_54_3,"INFL,LSIL,NILM",True,6,False
val,29,ASCH_2_14,"INFL,LSIL,NILM",True,11,False
val,30,HSIL_19_13,"INFL,LSIL,NILM",True,1,False
val,31,HSIL_9_5,"HSIL,INFL,LSIL,NILM",True,28,False
val,32,ASCH_2_2,"HSIL,INFL,NILM",True,16,False
val,33,HSIL_LSIL_4_11,NILM,False,0,False
val,34,LSIL_21_4,"INFL,LSIL",True,8,False
val,35,SCC_4_1,HSIL,True,6,False
val,36,SCC_4_8,"ASCH,HSIL,NILM",True,3,False
val,37,LSIL_14_1,"HSIL,INFL,LSIL,NILM",True,9,False
val,38,LSIL_32_8,NILM,False,0,False
val,39,HSIL_27_5,"INFL,NILM,SCC",True,5,False
val,40,ASCH_2_15,"INFL,LSIL,NILM",True,15,False
val,41,LSIL_9_10,"ASCH,ENDO,INFL,LSIL,NILM",True,8,False
val,42,HSIL_14_5,"ASCUS,INFL,LSIL,NILM",True,8,False
val,43,HSIL_34_4,"INFL,LSIL,NILM",True,1,False
val,44,HSIL_24_7,"ASCH,ASCUS,HSIL,INFL,NILM",True,17,False
val,45,LSIL_7_1,NILM,False,0,False
val,46,HSIL_13_1,"ASCUS,ENDO",True,10,False
val,47,LSIL_3_4,NILM,False,0,False
val,48,HSIL_18_13,"ASCH,ASCUS,LSIL,NILM",True,5,False
val,49,LSIL_3_5,"INFL,NILM",False,0,False
val,50,HSIL_20_16,"INFL,NILM",False,0,False
val,51,LSIL_38_8,NILM,False,0,False
val,52,LSIL_33_10,"INFL,LSIL,NILM",True,2,False
val,53,LSIL_7_10,"ASCUS,ENDO,INFL,NILM",True,3,False
val,54,LSIL_49_2,"ENDO,INFL",False,0,False
val,55,LSIL_35_6,INFL,False,0,False
val,56,HSIL_LSIL_4_5,NILM,False,0,False
val,57,LSIL_42_2,NILM,False,0,False
val,58,LSIL_22_1,"INFL,LSIL",True,13,False
val,59,LSIL_47_4,NILM,False,0,False
val,60,LSIL_33_4,"INFL,LSIL,NILM",True,4,False
val,61,ASCH_1_10,"INFL,LSIL,NILM",True,2,False
val,62,HSIL_32_10,"INFL,NILM",False,0,False
val,63,SCC_4_17,"HSIL,NILM",True,1,False
val,64,ASCH_2_18,"ASCUS,INFL,LSIL,NILM",True,11,False
val,65,LSIL_33_5,INFL,False,0,False
val,66,LSIL_19_5,NILM,False,0,False
val,67,ASCUS_2_1,NILM,False,0,False
val,68,LSIL_18_3,NILM,False,0,False
val,69,ASCUS_1_20,"ASCUS,INFL,NILM",True,3,False
val,70,HSIL_3_5,"ENDO,INFL,NILM",False,0,False
val,71,LSIL_15_1,NILM,False,0,False
val,72,HSIL_15_1,"HSIL,INFL,LSIL,NILM,SCC",True,32,False
val,73,HSIL_18_10,"HSIL,LSIL,NILM",True,7,False
val,74,LSIL_7_4,NILM,False,0,False
val,75,ASCUS_6_1,"INFL,LSIL,NILM",True,12,False
val,76,LSIL_34_3,"HSIL,INFL",True,4,False
val,77,ASCUS_5_1,"INFL,NILM",False,0,False
val,78,LSIL_9_11,"ENDO,INFL,NILM",False,0,False
val,79,LSIL_37_7,"LSIL,NILM",True,2,False
val,80,HSIL_33_6,"HSIL,INFL,LSIL,NILM",True,13,False
val,81,HSIL_LSIL_3_2,"ASCUS,INFL,LSIL,NILM",True,10,False
val,82,HSIL_20_10,"ASCH,INFL",True,1,False
val,83,NILM_1_5,"HSIL,INFL,LSIL",True,14,False
val,84,LSIL_52_4,"LSIL,NILM",True,2,False
val,85,HSIL_30_2,INFL,False,0,False
val,86,LSIL_10_8,"INFL,NILM",False,0,False
val,87,HSIL_LSIL_2_12,"INFL,LSIL,NILM",True,5,False
val,88,LSIL_7_14,"ASCUS,INFL,LSIL,NILM",True,6,False
val,89,SCC_2_4,SCC,True,24,False
val,90,HSIL_LSIL_1_12,NILM,False,0,False
val,91,LSIL_53_6,"ENDO,HSIL,INFL,NILM",True,6,False
val,92,HSIL_24_4,"ASCH,HSIL,INFL,NILM",True,11,False
val,93,NILM_1_6,"ENDO,HSIL,INFL,LSIL,NILM",True,14,False
val,94,HSIL_LSIL_2_2,"ENDO,HSIL,NILM",True,3,False
val,95,HSIL_17_10,SCC,True,23,False
val,96,HSIL_14_17,"ASCH,ASCUS,HSIL,INFL,LSIL,NILM",True,11,False
val,97,LSIL_45_2,"INFL,LSIL",True,5,False
val,98,LSIL_9_8,"ENDO,INFL,NILM",False,0,False
val,99,LSIL_37_4,NILM,False,0,False
val,100,ASCH_2_5,"INFL,LSIL,NILM",True,23,False
val,101,LSIL_46_2,INFL,False,0,False
val,102,LSIL_44_2,NILM,False,0,False
val,103,HSIL_LSIL_1_7,"ASCUS,ENDO,HSIL,INFL,LSIL,NILM",True,9,False
val,104,LSIL_54_4,"INFL,LSIL,NILM",True,5,False
val,105,SCC_5_1,"HSIL,INFL,SCC",True,104,False
val,106,HSIL_20_9,"INFL,NILM",False,0,False
val,107,ASCUS_1_24,"INFL,NILM",False,0,False
val,108,LSIL_56_4,INFL,False,0,False
val,109,HSIL_17_6,"INFL,SCC",True,12,False
val,110,HSIL_20_4,NILM,False,0,False
val,111,LSIL_33_2,INFL,False,0,False
val,112,HSIL_35_4,"INFL,NILM",False,0,False
val,113,LSIL_24_2,"INFL,LSIL",True,7,False
val,114,LSIL_34_8,"INFL,LSIL,NILM",True,2,False
val,115,LSIL_21_2,"HSIL,INFL,NILM",True,1,False
val,116,HSIL_LSIL_1_1,"ASCUS,INFL,NILM",True,3,False
val,117,HSIL_33_7,"HSIL,INFL,NILM",True,11,False
val,118,HSIL_16_3,"ENDO,HSIL,INFL,LSIL",True,15,False
val,119,LSIL_31_7,"INFL,NILM",False,0,False
val,120,HSIL_17_8,"INFL,SCC",True,23,False
val,121,LSIL_51_3,NILM,False,0,False
val,122,ASCUS_6_5,"HSIL,INFL,LSIL,NILM",True,32,False
val,123,HSIL_28_1,"ENDO,HSIL,INFL,NILM",True,6,False
val,124,HSIL_LSIL_3_3,"HSIL,INFL,LSIL,NILM",True,31,False
val,125,SCC_4_15,NILM,False,0,False
val,126,LSIL_12_2,NILM,False,0,False
val,127,HSIL_18_7,"ASCUS,NILM",True,2,False
val,128,ASCUS_1_15,"INFL,LSIL",True,3,False
val,129,LSIL_9_3,"ASCH,ENDO,INFL,LSIL,NILM",True,40,False
val,130,HSIL_26_4,NILM,False,0,False
val,131,LSIL_42_3,"INFL,NILM",False,0,False
val,132,SCC_4_14,ASCH,True,1,False
val,133,HSIL_27_1,"HSIL,INFL",True,20,False
val,134,HSIL_14_23,"INFL,LSIL,NILM",True,40,False
val,135,HSIL_14_26,"ASCH,INFL,LSIL,NILM",True,7,False
val,136,HSIL_16_2,"HSIL,INFL,LSIL,SCC",True,3,False
val,137,HSIL_LSIL_1_3,"ASCUS,ENDO,INFL,LSIL,NILM",True,3,False
val,138,LSIL_1_2,"INFL,LSIL,NILM,SCC",True,5,False
val,139,LSIL_48_4,INFL,False,0,False
val,140,HSIL_27_3,"ENDO,INFL,NILM",False,0,False
val,141,LSIL_28_25,"ASCH,ASCUS,INFL,LSIL,NILM",True,4,False
val,142,LSIL_49_1,NILM,False,0,False
val,143,HSIL_LSIL_2_13,"INFL,LSIL,NILM",True,7,False
test,0,LSIL_43_8,"ASCUS,INFL,LSIL,NILM",True,4,False
test,1,NILM_1_4,"INFL,NILM",False,0,False
test,2,LSIL_7_15,"INFL,NILM",False,0,False
test,3,SCC_3_15,"ASCH,HSIL,INFL,LSIL",True,15,False
test,4,HSIL_19_5,INFL,False,0,False
test,5,ASCH_1_2,"HSIL,INFL,NILM",True,1,False
test,6,SCC_4_7,HSIL,True,17,False
test,7,ASCUS_1_27,"INFL,NILM",False,0,False
test,8,ASCUS_3_3,"ASCUS,NILM",True,2,False
test,9,SCC_5_6,SCC,True,5,False
test,10,LSIL_31_3,INFL,False,0,False
test,11,ASCUS_1_14,"INFL,LSIL",True,15,False
test,12,LSIL_27_1,"LSIL,NILM",True,4,False
test,13,HSIL_29_1,"ASCH,INFL,LSIL,NILM",True,13,False
test,14,HSIL_28_6,"ENDO,HSIL,INFL,NILM",True,6,False
test,15,HSIL_15_5,"HSIL,LSIL,SCC",True,38,False
test,16,LSIL_25_3,"ASCUS,INFL,LSIL,NILM",True,3,False
test,17,ASCUS_1_25,"INFL,NILM",False,0,False
test,18,ASCUS_6_4,"ASCUS,INFL,LSIL,NILM",True,4,False
test,19,LSIL_10_18,"INFL,LSIL,NILM",True,4,False
test,20,LSIL_38_1,"LSIL,NILM",True,1,False
test,21,HSIL_9_15,"INFL,LSIL,NILM",True,13,False
test,22,HSIL_18_12,"LSIL,NILM",True,5,False
test,23,HSIL_15_7,"ENDO,HSIL,LSIL,SCC",True,49,False
test,24,HSIL_14_10,"INFL,LSIL,NILM",True,20,False
test,25,LSIL_43_5,"ASCUS,INFL,LSIL,NILM",True,3,False
test,26,LSIL_28_1,"INFL,NILM",False,0,False
test,27,HSIL_35_6,"INFL,NILM",False,0,False
test,28,LSIL_3_2,"LSIL,NILM",True,4,False
test,29,LSIL_10_6,"INFL,LSIL",True,2,False
test,30,ASCH_2_3,"INFL,NILM",False,0,False
test,31,HSIL_1_2,"ASCUS,INFL,LSIL,NILM",True,5,False
test,32,HSIL_15_9,"HSIL,LSIL,SCC",True,75,False
test,33,HSIL_LSIL_1_9,"INFL,NILM",False,0,False
test,34,HSIL_32_7,"INFL,NILM",False,0,False
test,35,LSIL_4_1,INFL,False,0,False
test,36,SCC_5_23,SCC,True,16,False
test,37,LSIL_37_15,NILM,False,0,False
test,38,LSIL_47_3,ENDO,False,0,False
test,39,LSIL_9_2,"ASCH,ENDO,INFL,NILM",True,22,False
test,40,LSIL_32_6,"ASCH,INFL,LSIL,NILM",True,3,False
test,41,HSIL_32_5,"HSIL,INFL,NILM",True,3,False
test,42,HSIL_16_8,"HSIL,INFL,LSIL",True,9,False
test,43,HSIL_9_9,"INFL,LSIL,NILM",True,17,False
test,44,LSIL_9_9,"ASCUS,ENDO,INFL,LSIL,NILM",True,4,False
test,45,HSIL_LSIL_1_8,"ASCUS,ENDO,INFL,NILM",True,2,False
test,46,HSIL_33_1,"ASCH,HSIL,INFL,NILM",True,9,False
test,47,HSIL_19_3,INFL,False,0,False
test,48,SCC_4_6,INFL,False,0,False
test,49,HSIL_LSIL_1_20,"LSIL,NILM",True,1,False
test,50,HSIL_8_5,NILM,False,0,False
test,51,HSIL_21_1,NILM,False,0,False
test,52,LSIL_27_2,NILM,False,0,False
test,53,HSIL_14_8,"HSIL,INFL,LSIL,NILM,SCC",True,50,False
test,54,HSIL_1_18,"INFL,NILM",False,0,False
test,55,HSIL_27_9,"ASCH,HSIL,INFL,NILM",True,4,False
test,56,SCC_4_11,HSIL,True,9,False
test,57,NILM_1_3,"ENDO,INFL,LSIL,NILM",True,4,False
test,58,SCC_5_11,SCC,True,18,False
test,59,HSIL_2_1,"INFL,LSIL",True,2,False
test,60,LSIL_7_3,NILM,False,0,False
test,61,HSIL_15_12,"HSIL,INFL,LSIL,NILM,SCC",True,28,False
test,62,HSIL_31_4,"ASCH,ENDO,HSIL,INFL,NILM",True,9,False
test,63,HSIL_1_22,"LSIL,NILM",True,2,False
test,64,HSIL_5_1,"HSIL,SCC",True,13,False
test,65,LSIL_56_1,ASCUS,True,4,False
test,66,LSIL_46_1,INFL,False,0,False
test,67,LSIL_28_18,"INFL,LSIL,NILM",True,3,False
test,68,SCC_2_3,SCC,True,9,False
test,69,LSIL_34_2,"INFL,LSIL,NILM",True,2,False
test,70,ASCH_2_4,"HSIL,INFL,LSIL,NILM",True,4,False
test,71,HSIL_11_2,INFL,False,0,False
test,72,LSIL_51_1,NILM,False,0,False
test,73,LSIL_40_4,"HSIL,INFL,LSIL,NILM",True,31,False
test,74,LSIL_20_1,"ASCH,ENDO,INFL,LSIL",True,16,False
test,75,LSIL_41_8,"HSIL,INFL,NILM",True,6,False
test,76,ASCH_2_21,"ENDO,INFL,LSIL,NILM",True,10,False
test,77,LSIL_39_7,INFL,False,0,False
test,78,HSIL_1_10,"ASCH,ASCUS,INFL,LSIL,NILM",True,3,False
test,79,LSIL_24_4,"LSIL,NILM,SCC",True,11,False
test,80,LSIL_1_5,"INFL,NILM",False,0,False
test,81,LSIL_15_2,"ENDO,INFL,NILM",False,0,False
test,82,HSIL_23_3,"HSIL,INFL,LSIL",True,22,False
test,83,HSIL_34_6,"INFL,LSIL,NILM,SCC",True,26,False
test,84,LSIL_41_7,"ASCUS,INFL,NILM",True,1,False
test,85,LSIL_36_2,NILM,False,0,False
test,86,HSIL_14_4,"ASCH,ASCUS,INFL,LSIL,NILM",True,10,False
test,87,LSIL_37_2,NILM,False,0,False
test,88,ASCH_2_28,"INFL,LSIL,NILM",True,2,False
test,89,LSIL_38_6,NILM,False,0,False
test,90,LSIL_55_1,"INFL,LSIL,NILM",True,1,False
test,91,LSIL_23_3,"ASCH,INFL,LSIL,NILM",True,12,False
test,92,HSIL_8_4,NILM,False,0,False
test,93,SCC_5_20,SCC,True,11,False
test,94,HSIL_11_3,"ENDO,INFL,LSIL",True,3,False
test,95,LSIL_10_1,"HSIL,INFL,LSIL",True,28,False
test,96,LSIL_43_6,"ASCH,INFL,NILM",True,4,False
test,97,HSIL_14_6,"INFL,NILM",False,0,False
test,98,HSIL_LSIL_1_4,"INFL,NILM",False,0,False
test,99,HSIL_19_10,"HSIL,INFL",True,2,False
test,100,LSIL_37_14,"LSIL,NILM",True,1,False
test,101,LSIL_3_1,"LSIL,NILM",True,3,False
test,102,HSIL_29_2,NILM,False,0,False
test,103,LSIL_57_5,"ENDO,NILM",False,0,False
test,104,HSIL_4_4,"INFL,NILM",False,0,False
test,105,HSIL_13_4,LSIL,True,12,False
test,106,LSIL_53_1,"HSIL,INFL,NILM",True,14,False
test,107,LSIL_38_7,LSIL,True,3,False
test,108,LSIL_7_6,"INFL,NILM",False,0,False
test,109,HSIL_14_11,"INFL,LSIL,NILM",True,13,False
test,110,LSIL_9_12,"ENDO,INFL,NILM",False,0,False
test,111,SCC_1_2,"ASCUS,INFL,NILM",True,1,False
test,112,LSIL_11_2,"INFL,NILM",False,0,False
test,113,LSIL_46_5,NILM,False,0,False
test,114,HSIL_20_17,INFL,False,0,False
test,115,HSIL_20_14,"ASCH,INFL",True,1,False
test,116,LSIL_7_16,"ASCH,INFL,NILM,SCC",True,9,False
test,117,LSIL_8_5,"ENDO,NILM",False,0,False
test,118,HSIL_5_3,SCC,True,28,False
test,119,HSIL_15_21,"ASCH,HSIL,INFL,LSIL,NILM,SCC",True,6,False
test,120,LSIL_37_8,NILM,False,0,False
test,121,LSIL_23_5,"INFL,LSIL",True,7,False
test,122,LSIL_10_19,"HSIL,INFL,NILM",True,2,False
test,123,HSIL_17_5,SCC,True,38,False
test,124,HSIL_20_11,INFL,False,0,False
test,125,HSIL_14_25,"ASCUS,INFL,LSIL,NILM",True,26,False
test,126,HSIL_9_19,"INFL,LSIL,NILM",True,5,False
test,127,LSIL_54_2,"INFL,LSIL",True,3,False
test,128,LSIL_41_1,"INFL,NILM",False,0,False
test,129,LSIL_11_1,"ENDO,INFL",False,0,False
test,130,HSIL_14_20,"ASCH,ASCUS,HSIL,INFL,LSIL,NILM",True,23,False
test,131,HSIL_1_15,"INFL,NILM",False,0,False
test,132,HSIL_16_1,"INFL,SCC",True,5,False
test,133,LSIL_26_6,INFL,False,0,False
test,134,LSIL_6_1,"HSIL,INFL,LSIL",True,21,False
test,135,HSIL_33_5,"HSIL,INFL,NILM",True,9,False
test,136,LSIL_51_4,"INFL,NILM",False,0,False
test,137,HSIL_28_5,"ENDO,HSIL,INFL,NILM",True,2,False
test,138,LSIL_26_2,NILM,False,0,False
test,139,LSIL_28_8,"ENDO,INFL,LSIL,NILM",True,8,False
test,140,HSIL_23_2,"ENDO,HSIL,INFL,LSIL",True,17,False
test,141,LSIL_21_1,"INFL,LSIL,NILM",True,3,False
test,142,LSIL_50_1,NILM,False,0,False
test,143,HSIL_16_6,"ASCH,INFL,LSIL",True,5,False
