model,image_index,image_name,gt_points,pred_points,cls_prob,blocked_by_classifier_gate,has_ground_truth_points,tp@10px,fp@10px,fn@10px,tp@20px,fp@20px,fn@20px,tp@30px,fp@30px,fn@30px
unet,0,LSIL_43_8,4,0,0.003873081412166357,True,True,0,0,4,0,0,4,0,0,4
unet,1,NILM_1_4,0,0,0.0027681540232151747,True,False,0,0,0,0,0,0,0,0,0
unet,2,LSIL_7_15,0,0,8.314127626363188e-06,True,False,0,0,0,0,0,0,0,0,0
unet,3,SCC_3_15,15,5,0.9996330738067627,False,True,2,3,13,2,3,13,2,3,13
unet,4,HSIL_19_5,0,0,1.0102639862452634e-05,True,False,0,0,0,0,0,0,0,0,0
unet,5,ASCH_1_2,1,0,0.018974773585796356,True,True,0,0,1,0,0,1,0,0,1
unet,6,SCC_4_7,17,5,0.813523530960083,False,True,2,3,15,4,1,13,4,1,13
unet,7,ASCUS_1_27,0,0,6.4235632635245565e-06,True,False,0,0,0,0,0,0,0,0,0
unet,8,ASCUS_3_3,2,0,0.03872070088982582,True,True,0,0,2,0,0,2,0,0,2
unet,9,SCC_5_6,5,14,0.9992088675498962,False,True,2,12,3,2,12,3,3,11,2
unet,10,LSIL_31_3,0,0,0.0005765968817286193,True,False,0,0,0,0,0,0,0,0,0
unet,11,ASCUS_1_14,15,0,0.011415992863476276,True,True,0,0,15,0,0,15,0,0,15
unet,12,LSIL_27_1,4,0,0.006943318527191877,True,True,0,0,4,0,0,4,0,0,4
unet,13,HSIL_29_1,13,2,0.5270397067070007,False,True,2,0,11,2,0,11,2,0,11
unet,14,HSIL_28_6,6,0,0.003697420936077833,True,True,0,0,6,0,0,6,0,0,6
unet,15,HSIL_15_5,38,0,0.004968481138348579,True,True,0,0,38,0,0,38,0,0,38
unet,16,LSIL_25_3,3,0,0.11448299139738083,True,True,0,0,3,0,0,3,0,0,3
unet,17,ASCUS_1_25,0,0,0.007354081142693758,True,False,0,0,0,0,0,0,0,0,0
unet,18,ASCUS_6_4,4,1,0.3740910291671753,False,True,1,0,3,1,0,3,1,0,3
unet,19,LSIL_10_18,4,0,0.0010763447498902678,True,True,0,0,4,0,0,4,0,0,4
unet,20,LSIL_38_1,1,0,0.008355406112968922,True,True,0,0,1,0,0,1,0,0,1
unet,21,HSIL_9_15,13,9,0.8550280928611755,False,True,3,6,10,3,6,10,6,3,7
unet,22,HSIL_18_12,5,0,0.13117794692516327,True,True,0,0,5,0,0,5,0,0,5
unet,23,HSIL_15_7,49,0,0.021550029516220093,True,True,0,0,49,0,0,49,0,0,49
unet,24,HSIL_14_10,20,0,0.012616534717381,True,True,0,0,20,0,0,20,0,0,20
unet,25,LSIL_43_5,3,4,0.896581768989563,False,True,2,2,1,2,2,1,2,2,1
unet,26,LSIL_28_1,0,0,5.320558216226345e-07,True,False,0,0,0,0,0,0,0,0,0
unet,27,HSIL_35_6,0,0,0.00149031903129071,True,False,0,0,0,0,0,0,0,0,0
unet,28,LSIL_3_2,4,0,1.153854327640147e-06,True,True,0,0,4,0,0,4,0,0,4
unet,29,LSIL_10_6,2,0,3.252634996897541e-05,True,True,0,0,2,0,0,2,0,0,2
unet,30,ASCH_2_3,0,0,0.0018375420477241278,True,False,0,0,0,0,0,0,0,0,0
unet,31,HSIL_1_2,5,0,0.000182620482519269,True,True,0,0,5,0,0,5,0,0,5
unet,32,HSIL_15_9,75,0,0.0029691378585994244,True,True,0,0,75,0,0,75,0,0,75
unet,33,HSIL_LSIL_1_9,0,0,0.008213401772081852,True,False,0,0,0,0,0,0,0,0,0
unet,34,HSIL_32_7,0,0,0.0009798113023862243,True,False,0,0,0,0,0,0,0,0,0
unet,35,LSIL_4_1,0,0,3.474719179052954e-08,True,False,0,0,0,0,0,0,0,0,0
unet,36,SCC_5_23,16,4,0.9997784495353699,False,True,2,2,14,2,2,14,2,2,14
unet,37,LSIL_37_15,0,0,5.9342681197449565e-05,True,False,0,0,0,0,0,0,0,0,0
unet,38,LSIL_47_3,0,0,0.12651491165161133,True,False,0,0,0,0,0,0,0,0,0
unet,39,LSIL_9_2,22,0,0.0009779698448255658,True,True,0,0,22,0,0,22,0,0,22
unet,40,LSIL_32_6,3,4,0.882935643196106,False,True,1,3,2,2,2,1,2,2,1
unet,41,HSIL_32_5,3,0,5.4257692681858316e-05,True,True,0,0,3,0,0,3,0,0,3
unet,42,HSIL_16_8,9,15,0.8079661726951599,False,True,2,13,7,2,13,7,3,12,6
unet,43,HSIL_9_9,17,4,0.22169934213161469,False,True,4,0,13,4,0,13,4,0,13
unet,44,LSIL_9_9,4,0,0.00017391818983014673,True,True,0,0,4,0,0,4,0,0,4
unet,45,HSIL_LSIL_1_8,2,0,0.004917655140161514,True,True,0,0,2,0,0,2,0,0,2
unet,46,HSIL_33_1,9,0,0.01143855694681406,True,True,0,0,9,0,0,9,0,0,9
unet,47,HSIL_19_3,0,0,3.937549081456382e-06,True,False,0,0,0,0,0,0,0,0,0
unet,48,SCC_4_6,0,7,0.967170000076294,False,False,0,7,0,0,7,0,0,7,0
unet,49,HSIL_LSIL_1_20,1,0,0.00820284616202116,True,True,0,0,1,0,0,1,0,0,1
unet,50,HSIL_8_5,0,0,4.621928746928461e-05,True,False,0,0,0,0,0,0,0,0,0
unet,51,HSIL_21_1,0,0,1.6551554438137828e-07,True,False,0,0,0,0,0,0,0,0,0
unet,52,LSIL_27_2,0,0,4.394734060042538e-05,True,False,0,0,0,0,0,0,0,0,0
unet,53,HSIL_14_8,50,0,0.008239815011620522,True,True,0,0,50,0,0,50,0,0,50
unet,54,HSIL_1_18,0,0,3.5166851830581436e-06,True,False,0,0,0,0,0,0,0,0,0
unet,55,HSIL_27_9,4,0,0.000134750094730407,True,True,0,0,4,0,0,4,0,0,4
unet,56,SCC_4_11,9,1,0.993474543094635,False,True,1,0,8,1,0,8,1,0,8
unet,57,NILM_1_3,4,0,0.003995929379016161,True,True,0,0,4,0,0,4,0,0,4
unet,58,SCC_5_11,18,11,0.9990589022636414,False,True,1,10,17,1,10,17,1,10,17
unet,59,HSIL_2_1,2,0,0.07025328278541565,True,True,0,0,2,0,0,2,0,0,2
unet,60,LSIL_7_3,0,0,2.516309541533701e-05,True,False,0,0,0,0,0,0,0,0,0
unet,61,HSIL_15_12,28,3,0.7434145212173462,False,True,3,0,25,3,0,25,3,0,25
unet,62,HSIL_31_4,9,0,0.0023880170192569494,True,True,0,0,9,0,0,9,0,0,9
unet,63,HSIL_1_22,2,0,0.0857367068529129,True,True,0,0,2,0,0,2,0,0,2
unet,64,HSIL_5_1,13,5,0.9820187091827393,False,True,2,3,11,4,1,9,4,1,9
unet,65,LSIL_56_1,4,0,0.022235700860619545,True,True,0,0,4,0,0,4,0,0,4
unet,66,LSIL_46_1,0,2,0.7113714814186096,False,False,0,2,0,0,2,0,0,2,0
unet,67,LSIL_28_18,3,0,0.07913434505462646,True,True,0,0,3,0,0,3,0,0,3
unet,68,SCC_2_3,9,7,0.9049668908119202,False,True,1,6,8,3,4,6,5,2,4
unet,69,LSIL_34_2,2,0,0.0011370767606422305,True,True,0,0,2,0,0,2,0,0,2
unet,70,ASCH_2_4,4,0,0.0236226636916399,True,True,0,0,4,0,0,4,0,0,4
unet,71,HSIL_11_2,0,0,0.0013605768326669931,True,False,0,0,0,0,0,0,0,0,0
unet,72,LSIL_51_1,0,0,0.03256348893046379,True,False,0,0,0,0,0,0,0,0,0
unet,73,LSIL_40_4,31,0,7.8644159657415e-05,True,True,0,0,31,0,0,31,0,0,31
unet,74,LSIL_20_1,16,4,0.9218525290489197,False,True,2,2,14,3,1,13,3,1,13
unet,75,LSIL_41_8,6,0,0.016652073711156845,True,True,0,0,6,0,0,6,0,0,6
unet,76,ASCH_2_21,10,8,0.7248662710189819,False,True,4,4,6,4,4,6,4,4,6
unet,77,LSIL_39_7,0,0,0.03167225793004036,True,False,0,0,0,0,0,0,0,0,0
unet,78,HSIL_1_10,3,0,0.07387436181306839,True,True,0,0,3,0,0,3,0,0,3
unet,79,LSIL_24_4,11,4,0.9597844481468201,False,True,4,0,7,4,0,7,4,0,7
unet,80,LSIL_1_5,0,4,0.2862115800380707,False,False,0,4,0,0,4,0,0,4,0
unet,81,LSIL_15_2,0,0,0.0011273248819634318,True,False,0,0,0,0,0,0,0,0,0
unet,82,HSIL_23_3,22,8,0.9117046594619751,False,True,8,0,14,8,0,14,8,0,14
unet,83,HSIL_34_6,26,9,0.6127229928970337,False,True,1,8,25,4,5,22,8,1,18
unet,84,LSIL_41_7,1,0,0.00013547723938245326,True,True,0,0,1,0,0,1,0,0,1
unet,85,LSIL_36_2,0,0,1.2116391872041277e-06,True,False,0,0,0,0,0,0,0,0,0
unet,86,HSIL_14_4,10,5,0.6739819645881653,False,True,3,2,7,3,2,7,3,2,7
unet,87,LSIL_37_2,0,0,2.0690951714641415e-05,True,False,0,0,0,0,0,0,0,0,0
unet,88,ASCH_2_28,2,0,0.0016252611530944705,True,True,0,0,2,0,0,2,0,0,2
unet,89,LSIL_38_6,0,0,2.3245465285981481e-07,True,False,0,0,0,0,0,0,0,0,0
unet,90,LSIL_55_1,1,0,0.0004891350981779397,True,True,0,0,1,0,0,1,0,0,1
unet,91,LSIL_23_3,12,0,0.0008657974540255964,True,True,0,0,12,0,0,12,0,0,12
unet,92,HSIL_8_4,0,0,1.4683257177239284e-05,True,False,0,0,0,0,0,0,0,0,0
unet,93,SCC_5_20,11,7,0.9717963337898254,False,True,4,3,7,4,3,7,5,2,6
unet,94,HSIL_11_3,3,0,0.01217739563435316,True,True,0,0,3,0,0,3,0,0,3
unet,95,LSIL_10_1,28,10,0.620025634765625,False,True,3,7,25,5,5,23,7,3,21
unet,96,LSIL_43_6,4,0,2.1675226889783517e-05,True,True,0,0,4,0,0,4,0,0,4
unet,97,HSIL_14_6,0,0,0.0026836860924959183,True,False,0,0,0,0,0,0,0,0,0
unet,98,HSIL_LSIL_1_4,0,0,0.004380175843834877,True,False,0,0,0,0,0,0,0,0,0
unet,99,HSIL_19_10,2,0,8.574753883294761e-05,True,True,0,0,2,0,0,2,0,0,2
unet,100,LSIL_37_14,1,0,0.002738616429269314,True,True,0,0,1,0,0,1,0,0,1
unet,101,LSIL_3_1,3,15,0.5243008732795715,False,True,1,14,2,1,14,2,2,13,1
unet,102,HSIL_29_2,0,0,0.0004094499454367906,True,False,0,0,0,0,0,0,0,0,0
unet,103,LSIL_57_5,0,3,0.5413971543312073,False,False,0,3,0,0,3,0,0,3,0
unet,104,HSIL_4_4,0,0,0.0033833200577646494,True,False,0,0,0,0,0,0,0,0,0
unet,105,HSIL_13_4,12,15,0.6667866110801697,False,True,3,12,9,6,9,6,7,8,5
unet,106,LSIL_53_1,14,0,0.00029968717717565596,True,True,0,0,14,0,0,14,0,0,14
unet,107,LSIL_38_7,3,0,0.010090772993862629,True,True,0,0,3,0,0,3,0,0,3
unet,108,LSIL_7_6,0,0,0.00021669999114237726,True,False,0,0,0,0,0,0,0,0,0
unet,109,HSIL_14_11,13,0,0.01634688302874565,True,True,0,0,13,0,0,13,0,0,13
unet,110,LSIL_9_12,0,0,7.395764214379597e-07,True,False,0,0,0,0,0,0,0,0,0
unet,111,SCC_1_2,1,0,0.0215458981692791,True,True,0,0,1,0,0,1,0,0,1
unet,112,LSIL_11_2,0,0,0.0006738375523127615,True,False,0,0,0,0,0,0,0,0,0
unet,113,LSIL_46_5,0,0,6.177319278322102e-07,True,False,0,0,0,0,0,0,0,0,0
unet,114,HSIL_20_17,0,0,0.01817197911441326,True,False,0,0,0,0,0,0,0,0,0
unet,115,HSIL_20_14,1,0,5.356529527489329e-06,True,True,0,0,1,0,0,1,0,0,1
unet,116,LSIL_7_16,9,0,0.002671005902811885,True,True,0,0,9,0,0,9,0,0,9
unet,117,LSIL_8_5,0,3,0.326813668012619,False,False,0,3,0,0,3,0,0,3,0
unet,118,HSIL_5_3,28,6,0.9998077750205994,False,True,3,3,25,4,2,24,5,1,23
unet,119,HSIL_15_21,6,0,0.02885437197983265,True,True,0,0,6,0,0,6,0,0,6
unet,120,LSIL_37_8,0,0,2.985365010754748e-10,True,False,0,0,0,0,0,0,0,0,0
unet,121,LSIL_23_5,7,0,0.0044785477221012115,True,True,0,0,7,0,0,7,0,0,7
unet,122,LSIL_10_19,2,0,0.00030425426666624844,True,True,0,0,2,0,0,2,0,0,2
unet,123,HSIL_17_5,38,15,0.9797232747077942,False,True,11,4,27,13,2,25,14,1,24
unet,124,HSIL_20_11,0,0,0.0059284609742462635,True,False,0,0,0,0,0,0,0,0,0
unet,125,HSIL_14_25,26,4,0.8086658716201782,False,True,3,1,23,3,1,23,4,0,22
unet,126,HSIL_9_19,5,7,0.5209453105926514,False,True,0,7,5,1,6,4,3,4,2
unet,127,LSIL_54_2,3,12,0.22314271330833435,False,True,2,10,1,3,9,0,3,9,0
unet,128,LSIL_41_1,0,0,2.6740979137684917e-06,True,False,0,0,0,0,0,0,0,0,0
unet,129,LSIL_11_1,0,0,0.08146742731332779,True,False,0,0,0,0,0,0,0,0,0
unet,130,HSIL_14_20,23,4,0.7425877451896667,False,True,4,0,19,4,0,19,4,0,19
unet,131,HSIL_1_15,0,0,6.035808837623335e-06,True,False,0,0,0,0,0,0,0,0,0
unet,132,HSIL_16_1,5,0,0.0002863062545657158,True,True,0,0,5,0,0,5,0,0,5
unet,133,LSIL_26_6,0,0,0.005648734513670206,True,False,0,0,0,0,0,0,0,0,0
unet,134,LSIL_6_1,21,0,0.0027076464612036943,True,True,0,0,21,0,0,21,0,0,21
unet,135,HSIL_33_5,9,0,0.00328146037645638,True,True,0,0,9,0,0,9,0,0,9
unet,136,LSIL_51_4,0,0,0.16737064719200134,True,False,0,0,0,0,0,0,0,0,0
unet,137,HSIL_28_5,2,0,0.018980935215950012,True,True,0,0,2,0,0,2,0,0,2
unet,138,LSIL_26_2,0,0,4.4236290705157444e-05,True,False,0,0,0,0,0,0,0,0,0
unet,139,LSIL_28_8,8,0,0.05356058105826378,True,True,0,0,8,0,0,8,0,0,8
unet,140,HSIL_23_2,17,4,0.7586851119995117,False,True,3,1,14,3,1,14,3,1,14
unet,141,LSIL_21_1,3,0,0.00038922857493162155,True,True,0,0,3,0,0,3,0,0,3
unet,142,LSIL_50_1,0,12,0.44427502155303955,False,False,0,12,0,0,12,0,0,12,0
unet,143,HSIL_16_6,5,13,0.8416791558265686,False,True,3,10,2,3,10,2,4,9,1
stacked_hourglass,0,LSIL_43_8,4,0,0.003873081412166357,True,True,0,0,4,0,0,4,0,0,4
stacked_hourglass,1,NILM_1_4,0,0,0.0027681540232151747,True,False,0,0,0,0,0,0,0,0,0
stacked_hourglass,2,LSIL_7_15,0,0,8.314127626363188e-06,True,False,0,0,0,0,0,0,0,0,0
stacked_hourglass,3,SCC_3_15,15,5,0.9996330738067627,False,True,3,2,12,3,2,12,3,2,12
stacked_hourglass,4,HSIL_19_5,0,0,1.0102639862452634e-05,True,False,0,0,0,0,0,0,0,0,0
stacked_hourglass,5,ASCH_1_2,1,0,0.018974773585796356,True,True,0,0,1,0,0,1,0,0,1
stacked_hourglass,6,SCC_4_7,17,2,0.813523530960083,False,True,0,2,17,1,1,16,1,1,16
stacked_hourglass,7,ASCUS_1_27,0,0,6.4235632635245565e-06,True,False,0,0,0,0,0,0,0,0,0
stacked_hourglass,8,ASCUS_3_3,2,0,0.03872070088982582,True,True,0,0,2,0,0,2,0,0,2
stacked_hourglass,9,SCC_5_6,5,2,0.9992088675498962,False,True,0,2,5,0,2,5,0,2,5
stacked_hourglass,10,LSIL_31_3,0,0,0.0005765968817286193,True,False,0,0,0,0,0,0,0,0,0
stacked_hourglass,11,ASCUS_1_14,15,0,0.011415992863476276,True,True,0,0,15,0,0,15,0,0,15
stacked_hourglass,12,LSIL_27_1,4,0,0.006943318527191877,True,True,0,0,4,0,0,4,0,0,4
stacked_hourglass,13,HSIL_29_1,13,2,0.5270397067070007,False,True,2,0,11,2,0,11,2,0,11
stacked_hourglass,14,HSIL_28_6,6,0,0.003697420936077833,True,True,0,0,6,0,0,6,0,0,6
stacked_hourglass,15,HSIL_15_5,38,0,0.004968481138348579,True,True,0,0,38,0,0,38,0,0,38
stacked_hourglass,16,LSIL_25_3,3,0,0.11448299139738083,True,True,0,0,3,0,0,3,0,0,3
stacked_hourglass,17,ASCUS_1_25,0,0,0.007354081142693758,True,False,0,0,0,0,0,0,0,0,0
stacked_hourglass,18,ASCUS_6_4,4,0,0.3740910291671753,False,True,0,0,4,0,0,4,0,0,4
stacked_hourglass,19,LSIL_10_18,4,0,0.0010763447498902678,True,True,0,0,4,0,0,4,0,0,4
stacked_hourglass,20,LSIL_38_1,1,0,0.008355406112968922,True,True,0,0,1,0,0,1,0,0,1
stacked_hourglass,21,HSIL_9_15,13,5,0.8550280928611755,False,True,2,3,11,2,3,11,4,1,9
stacked_hourglass,22,HSIL_18_12,5,0,0.13117794692516327,True,True,0,0,5,0,0,5,0,0,5
stacked_hourglass,23,HSIL_15_7,49,0,0.021550029516220093,True,True,0,0,49,0,0,49,0,0,49
stacked_hourglass,24,HSIL_14_10,20,0,0.012616534717381,True,True,0,0,20,0,0,20,0,0,20
stacked_hourglass,25,LSIL_43_5,3,2,0.896581768989563,False,True,1,1,2,1,1,2,1,1,2
stacked_hourglass,26,LSIL_28_1,0,0,5.320558216226345e-07,True,False,0,0,0,0,0,0,0,0,0
stacked_hourglass,27,HSIL_35_6,0,0,0.00149031903129071,True,False,0,0,0,0,0,0,0,0,0
stacked_hourglass,28,LSIL_3_2,4,0,1.153854327640147e-06,True,True,0,0,4,0,0,4,0,0,4
stacked_hourglass,29,LSIL_10_6,2,0,3.252634996897541e-05,True,True,0,0,2,0,0,2,0,0,2
stacked_hourglass,30,ASCH_2_3,0,0,0.0018375420477241278,True,False,0,0,0,0,0,0,0,0,0
stacked_hourglass,31,HSIL_1_2,5,0,0.000182620482519269,True,True,0,0,5,0,0,5,0,0,5
stacked_hourglass,32,HSIL_15_9,75,0,0.0029691378585994244,True,True,0,0,75,0,0,75,0,0,75
stacked_hourglass,33,HSIL_LSIL_1_9,0,0,0.008213401772081852,True,False,0,0,0,0,0,0,0,0,0
stacked_hourglass,34,HSIL_32_7,0,0,0.0009798113023862243,True,False,0,0,0,0,0,0,0,0,0
stacked_hourglass,35,LSIL_4_1,0,0,3.474719179052954e-08,True,False,0,0,0,0,0,0,0,0,0
stacked_hourglass,36,SCC_5_23,16,0,0.9997784495353699,False,True,0,0,16,0,0,16,0,0,16
stacked_hourglass,37,LSIL_37_15,0,0,5.9342681197449565e-05,True,False,0,0,0,0,0,0,0,0,0
stacked_hourglass,38,LSIL_47_3,0,0,0.12651491165161133,True,False,0,0,0,0,0,0,0,0,0
stacked_hourglass,39,LSIL_9_2,22,0,0.0009779698448255658,True,True,0,0,22,0,0,22,0,0,22
stacked_hourglass,40,LSIL_32_6,3,1,0.882935643196106,False,True,0,1,3,1,0,2,1,0,2
stacked_hourglass,41,HSIL_32_5,3,0,5.4257692681858316e-05,True,True,0,0,3,0,0,3,0,0,3
stacked_hourglass,42,HSIL_16_8,9,15,0.8079661726951599,False,True,2,13,7,4,11,5,4,11,5
stacked_hourglass,43,HSIL_9_9,17,4,0.22169934213161469,False,True,4,0,13,4,0,13,4,0,13
stacked_hourglass,44,LSIL_9_9,4,0,0.00017391818983014673,True,True,0,0,4,0,0,4,0,0,4
stacked_hourglass,45,HSIL_LSIL_1_8,2,0,0.004917655140161514,True,True,0,0,2,0,0,2,0,0,2
stacked_hourglass,46,HSIL_33_1,9,0,0.01143855694681406,True,True,0,0,9,0,0,9,0,0,9
stacked_hourglass,47,HSIL_19_3,0,0,3.937549081456382e-06,True,False,0,0,0,0,0,0,0,0,0
stacked_hourglass,48,SCC_4_6,0,1,0.967170000076294,False,False,0,1,0,0,1,0,0,1,0
stacked_hourglass,49,HSIL_LSIL_1_20,1,0,0.00820284616202116,True,True,0,0,1,0,0,1,0,0,1
stacked_hourglass,50,HSIL_8_5,0,0,4.621928746928461e-05,True,False,0,0,0,0,0,0,0,0,0
stacked_hourglass,51,HSIL_21_1,0,0,1.6551554438137828e-07,True,False,0,0,0,0,0,0,0,0,0
stacked_hourglass,52,LSIL_27_2,0,0,4.394734060042538e-05,True,False,0,0,0,0,0,0,0,0,0
stacked_hourglass,53,HSIL_14_8,50,0,0.008239815011620522,True,True,0,0,50,0,0,50,0,0,50
stacked_hourglass,54,HSIL_1_18,0,0,3.5166851830581436e-06,True,False,0,0,0,0,0,0,0,0,0
stacked_hourglass,55,HSIL_27_9,4,0,0.000134750094730407,True,True,0,0,4,0,0,4,0,0,4
stacked_hourglass,56,SCC_4_11,9,1,0.993474543094635,False,True,1,0,8,1,0,8,1,0,8
stacked_hourglass,57,NILM_1_3,4,0,0.003995929379016161,True,True,0,0,4,0,0,4,0,0,4
stacked_hourglass,58,SCC_5_11,18,0,0.9990589022636414,False,True,0,0,18,0,0,18,0,0,18
stacked_hourglass,59,HSIL_2_1,2,0,0.07025328278541565,True,True,0,0,2,0,0,2,0,0,2
stacked_hourglass,60,LSIL_7_3,0,0,2.516309541533701e-05,True,False,0,0,0,0,0,0,0,0,0
stacked_hourglass,61,HSIL_15_12,28,1,0.7434145212173462,False,True,1,0,27,1,0,27,1,0,27
stacked_hourglass,62,HSIL_31_4,9,0,0.0023880170192569494,True,True,0,0,9,0,0,9,0,0,9
stacked_hourglass,63,HSIL_1_22,2,0,0.0857367068529129,True,True,0,0,2,0,0,2,0,0,2
stacked_hourglass,64,HSIL_5_1,13,4,0.9820187091827393,False,True,2,2,11,4,0,9,4,0,9
stacked_hourglass,65,LSIL_56_1,4,0,0.022235700860619545,True,True,0,0,4,0,0,4,0,0,4
stacked_hourglass,66,LSIL_46_1,0,0,0.7113714814186096,False,False,0,0,0,0,0,0,0,0,0
stacked_hourglass,67,LSIL_28_18,3,0,0.07913434505462646,True,True,0,0,3,0,0,3,0,0,3
stacked_hourglass,68,SCC_2_3,9,3,0.9049668908119202,False,True,1,2,8,2,1,7,2,1,7
stacked_hourglass,69,LSIL_34_2,2,0,0.0011370767606422305,True,True,0,0,2,0,0,2,0,0,2
stacked_hourglass,70,ASCH_2_4,4,0,0.0236226636916399,True,True,0,0,4,0,0,4,0,0,4
stacked_hourglass,71,HSIL_11_2,0,0,0.0013605768326669931,True,False,0,0,0,0,0,0,0,0,0
stacked_hourglass,72,LSIL_51_1,0,0,0.03256348893046379,True,False,0,0,0,0,0,0,0,0,0
stacked_hourglass,73,LSIL_40_4,31,0,7.8644159657415e-05,True,True,0,0,31,0,0,31,0,0,31
stacked_hourglass,74,LSIL_20_1,16,2,0.9218525290489197,False,True,2,0,14,2,0,14,2,0,14
stacked_hourglass,75,LSIL_41_8,6,0,0.016652073711156845,True,True,0,0,6,0,0,6,0,0,6
stacked_hourglass,76,ASCH_2_21,10,1,0.7248662710189819,False,True,1,0,9,1,0,9,1,0,9
stacked_hourglass,77,LSIL_39_7,0,0,0.03167225793004036,True,False,0,0,0,0,0,0,0,0,0
stacked_hourglass,78,HSIL_1_10,3,0,0.07387436181306839,True,True,0,0,3,0,0,3,0,0,3
stacked_hourglass,79,LSIL_24_4,11,2,0.9597844481468201,False,True,2,0,9,2,0,9,2,0,9
stacked_hourglass,80,LSIL_1_5,0,3,0.2862115800380707,False,False,0,3,0,0,3,0,0,3,0
stacked_hourglass,81,LSIL_15_2,0,0,0.0011273248819634318,True,False,0,0,0,0,0,0,0,0,0
stacked_hourglass,82,HSIL_23_3,22,6,0.9117046594619751,False,True,6,0,16,6,0,16,6,0,16
stacked_hourglass,83,HSIL_34_6,26,5,0.6127229928970337,False,True,1,4,25,3,2,23,4,1,22
stacked_hourglass,84,LSIL_41_7,1,0,0.00013547723938245326,True,True,0,0,1,0,0,1,0,0,1
stacked_hourglass,85,LSIL_36_2,0,0,1.2116391872041277e-06,True,False,0,0,0,0,0,0,0,0,0
stacked_hourglass,86,HSIL_14_4,10,6,0.6739819645881653,False,True,3,3,7,3,3,7,3,3,7
stacked_hourglass,87,LSIL_37_2,0,0,2.0690951714641415e-05,True,False,0,0,0,0,0,0,0,0,0
stacked_hourglass,88,ASCH_2_28,2,0,0.0016252611530944705,True,True,0,0,2,0,0,2,0,0,2
stacked_hourglass,89,LSIL_38_6,0,0,2.3245465285981481e-07,True,False,0,0,0,0,0,0,0,0,0
stacked_hourglass,90,LSIL_55_1,1,0,0.0004891350981779397,True,True,0,0,1,0,0,1,0,0,1
stacked_hourglass,91,LSIL_23_3,12,0,0.0008657974540255964,True,True,0,0,12,0,0,12,0,0,12
stacked_hourglass,92,HSIL_8_4,0,0,1.4683257177239284e-05,True,False,0,0,0,0,0,0,0,0,0
stacked_hourglass,93,SCC_5_20,11,0,0.9717963337898254,False,True,0,0,11,0,0,11,0,0,11
stacked_hourglass,94,HSIL_11_3,3,0,0.01217739563435316,True,True,0,0,3,0,0,3,0,0,3
stacked_hourglass,95,LSIL_10_1,28,4,0.620025634765625,False,True,3,1,25,3,1,25,3,1,25
stacked_hourglass,96,LSIL_43_6,4,0,2.1675226889783517e-05,True,True,0,0,4,0,0,4,0,0,4
stacked_hourglass,97,HSIL_14_6,0,0,0.0026836860924959183,True,False,0,0,0,0,0,0,0,0,0
stacked_hourglass,98,HSIL_LSIL_1_4,0,0,0.004380175843834877,True,False,0,0,0,0,0,0,0,0,0
stacked_hourglass,99,HSIL_19_10,2,0,8.574753883294761e-05,True,True,0,0,2,0,0,2,0,0,2
stacked_hourglass,100,LSIL_37_14,1,0,0.002738616429269314,True,True,0,0,1,0,0,1,0,0,1
stacked_hourglass,101,LSIL_3_1,3,12,0.5243008732795715,False,True,1,11,2,1,11,2,2,10,1
stacked_hourglass,102,HSIL_29_2,0,0,0.0004094499454367906,True,False,0,0,0,0,0,0,0,0,0
stacked_hourglass,103,LSIL_57_5,0,1,0.5413971543312073,False,False,0,1,0,0,1,0,0,1,0
stacked_hourglass,104,HSIL_4_4,0,0,0.0033833200577646494,True,False,0,0,0,0,0,0,0,0,0
stacked_hourglass,105,HSIL_13_4,12,10,0.6667866110801697,False,True,4,6,8,6,4,6,7,3,5
stacked_hourglass,106,LSIL_53_1,14,0,0.00029968717717565596,True,True,0,0,14,0,0,14,0,0,14
stacked_hourglass,107,LSIL_38_7,3,0,0.010090772993862629,True,True,0,0,3,0,0,3,0,0,3
stacked_hourglass,108,LSIL_7_6,0,0,0.00021669999114237726,True,False,0,0,0,0,0,0,0,0,0
stacked_hourglass,109,HSIL_14_11,13,0,0.01634688302874565,True,True,0,0,13,0,0,13,0,0,13
stacked_hourglass,110,LSIL_9_12,0,0,7.395764214379597e-07,True,False,0,0,0,0,0,0,0,0,0
stacked_hourglass,111,SCC_1_2,1,0,0.0215458981692791,True,True,0,0,1,0,0,1,0,0,1
stacked_hourglass,112,LSIL_11_2,0,0,0.0006738375523127615,True,False,0,0,0,0,0,0,0,0,0
stacked_hourglass,113,LSIL_46_5,0,0,6.177319278322102e-07,True,False,0,0,0,0,0,0,0,0,0
stacked_hourglass,114,HSIL_20_17,0,0,0.01817197911441326,True,False,0,0,0,0,0,0,0,0,0
stacked_hourglass,115,HSIL_20_14,1,0,5.356529527489329e-06,True,True,0,0,1,0,0,1,0,0,1
stacked_hourglass,116,LSIL_7_16,9,0,0.002671005902811885,True,True,0,0,9,0,0,9,0,0,9
stacked_hourglass,117,LSIL_8_5,0,1,0.326813668012619,False,False,0,1,0,0,1,0,0,1,0
stacked_hourglass,118,HSIL_5_3,28,5,0.9998077750205994,False,True,2,3,26,3,2,25,4,1,24
stacked_hourglass,119,HSIL_15_21,6,0,0.02885437197983265,True,True,0,0,6,0,0,6,0,0,6
stacked_hourglass,120,LSIL_37_8,0,0,2.985365010754748e-10,True,False,0,0,0,0,0,0,0,0,0
stacked_hourglass,121,LSIL_23_5,7,0,0.0044785477221012115,True,True,0,0,7,0,0,7,0,0,7
stacked_hourglass,122,LSIL_10_19,2,0,0.00030425426666624844,True,True,0,0,2,0,0,2,0,0,2
stacked_hourglass,123,HSIL_17_5,38,10,0.9797232747077942,False,True,6,4,32,8,2,30,9,1,29
stacked_hourglass,124,HSIL_20_11,0,0,0.0059284609742462635,True,False,0,0,0,0,0,0,0,0,0
stacked_hourglass,125,HSIL_14_25,26,4,0.8086658716201782,False,True,4,0,22,4,0,22,4,0,22
stacked_hourglass,126,HSIL_9_19,5,5,0.5209453105926514,False,True,0,5,5,1,4,4,1,4,4
stacked_hourglass,127,LSIL_54_2,3,6,0.22314271330833435,False,True,1,5,2,2,4,1,2,4,1
stacked_hourglass,128,LSIL_41_1,0,0,2.6740979137684917e-06,True,False,0,0,0,0,0,0,0,0,0
stacked_hourglass,129,LSIL_11_1,0,0,0.08146742731332779,True,False,0,0,0,0,0,0,0,0,0
stacked_hourglass,130,HSIL_14_20,23,4,0.7425877451896667,False,True,4,0,19,4,0,19,4,0,19
stacked_hourglass,131,HSIL_1_15,0,0,6.035808837623335e-06,True,False,0,0,0,0,0,0,0,0,0
stacked_hourglass,132,HSIL_16_1,5,0,0.0002863062545657158,True,True,0,0,5,0,0,5,0,0,5
stacked_hourglass,133,LSIL_26_6,0,0,0.005648734513670206,True,False,0,0,0,0,0,0,0,0,0
stacked_hourglass,134,LSIL_6_1,21,0,0.0027076464612036943,True,True,0,0,21,0,0,21,0,0,21
stacked_hourglass,135,HSIL_33_5,9,0,0.00328146037645638,True,True,0,0,9,0,0,9,0,0,9
stacked_hourglass,136,LSIL_51_4,0,0,0.16737064719200134,True,False,0,0,0,0,0,0,0,0,0
stacked_hourglass,137,HSIL_28_5,2,0,0.018980935215950012,True,True,0,0,2,0,0,2,0,0,2
stacked_hourglass,138,LSIL_26_2,0,0,4.4236290705157444e-05,True,False,0,0,0,0,0,0,0,0,0
stacked_hourglass,139,LSIL_28_8,8,0,0.05356058105826378,True,True,0,0,8,0,0,8,0,0,8
stacked_hourglass,140,HSIL_23_2,17,4,0.7586851119995117,False,True,3,1,14,3,1,14,3,1,14
stacked_hourglass,141,LSIL_21_1,3,0,0.00038922857493162155,True,True,0,0,3,0,0,3,0,0,3
stacked_hourglass,142,LSIL_50_1,0,13,0.44427502155303955,False,False,0,13,0,0,13,0,0,13,0
stacked_hourglass,143,HSIL_16_6,5,9,0.8416791558265686,False,True,2,7,3,2,7,3,3,6,2
