task,model,accuracy,precision,recall,f1,macro_f1,weighted_f1,average_precision,high_risk_recall,threshold
Binary,CNN,,0.8620689655172413,0.26881720430107525,0.4098360655737705,0.682695810564663,,0.7789940897979268,,0.5
Binary,ResNet34,,0.8771929824561403,0.5376344086021505,0.6666666666666666,0.8162230671736375,,0.8397938456286562,,0.5
Binary,EfficientNet,,0.7659574468085106,0.7741935483870968,0.7700534759358288,0.8657959687371453,,0.7889874108562205,,0.5
Six-class,CNN,0.09523809523809523,0.015873015873015872,0.16666666666666666,0.028985507246376812,0.028985507246376812,0.016563146997929608,,,
Six-class,ResNet34,0.2777777777777778,0.2682780182780183,0.2450922266139657,0.25033080149605574,0.25033080149605574,0.2874629372510728,,,
Six-class,EfficientNet,0.31746031746031744,0.3062946312946313,0.29354047723612947,0.29258357383357386,0.29258357383357386,0.3200113378684807,,,
Seven-class,CNN,0.023255813953488372,0.0033482142857142855,0.14285714285714285,0.006543075245365322,0.006543075245365322,0.0010651517841292384,,,
Seven-class,ResNet34,0.29457364341085274,0.45213358070500925,0.33437480394002134,0.33614262726367145,0.33614262726367145,0.3097199757356348,,,
Seven-class,EfficientNet,0.27906976744186046,0.2746031746031746,0.25873643264947616,0.2350996538966464,0.2350996538966464,0.2780964038001982,,,
Eight-class,CNN,0.09027777777777778,0.08399280575539568,0.14583333333333334,0.049387219142106795,0.049387219142106795,0.04193009759102551,,,
Eight-class,ResNet34,0.2638888888888889,0.3719303772215591,0.31428963548528766,0.30468465162535807,0.30468465162535807,0.25795884157427473,,,
Eight-class,EfficientNet,0.2916666666666667,0.25444992690058477,0.26686703996486605,0.2482153780086111,0.2482153780086111,0.28560136642843414,,,
