task,model,precision,recall,f1,average_precision,high_risk_recall,accuracy,f1_weighted
Six-class,CNN,0.015873015873015872,0.16666666666666666,0.028985507246376812,0.22226071696900576,0.0,0.09523809523809523,0.016563146997929608
Six-class,ResNet34,0.2682780182780183,0.2450922266139657,0.25033080149605574,0.31969098086178627,0.2826086956521739,0.2777777777777778,0.2874629372510728
Six-class,EfficientNet,0.3062946312946313,0.29354047723612947,0.29258357383357386,0.35785104496478004,0.3138486312399356,0.31746031746031744,0.3200113378684807
Seven-class,CNN,0.0033482142857142855,0.14285714285714285,0.006543075245365322,0.19742778141912412,0.0,0.023255813953488372,0.0010651517841292384
Seven-class,ResNet34,0.45213358070500925,0.33437480394002134,0.33614262726367145,0.3446436373424681,0.3761674718196457,0.29457364341085274,0.3097199757356348
Seven-class,EfficientNet,0.2746031746031746,0.25873643264947616,0.2350996538966464,0.30627585780083766,0.42190016103059574,0.27906976744186046,0.2780964038001982
Eight-class,CNN,0.08399280575539568,0.14583333333333334,0.049387219142106795,0.19588196436779168,0.3888888888888889,0.09027777777777778,0.04193009759102551
Eight-class,ResNet34,0.3719303772215591,0.31428963548528766,0.30468465162535807,0.32467583844728326,0.46537842190016104,0.2638888888888889,0.25795884157427473
Eight-class,EfficientNet,0.25444992690058477,0.26686703996486605,0.2482153780086111,0.31086082670534365,0.33639291465378424,0.2916666666666667,0.28560136642843414
